Tanggal,Hari,Pangsa
2023-01-01,Min,74.36
2023-01-02,Sen,62.77
2023-01-03,Sel,49.37
2023-01-04,Rab,75.75
2023-01-05,Kam,58.67
2023-01-06,Jum,60.81
2023-01-07,Sab,67.41
2023-01-08,Min,67.85
2023-01-09,Sen,53.12
2023-01-10,Sel,53.76
2023-01-11,Rab,63.48
2023-01-12,Kam,73.88
2023-01-13,Jum,74.96
2023-01-14,Sab,77.71
2023-01-15,Min,76.98
2023-01-16,Sen,57.19
2023-01-17,Sel,48.14
2023-01-18,Rab,38.84
2023-01-19,Kam,43.01
2023-01-20,Jum,23.18
2023-01-21,Sab,36.78
2023-01-22,Min,31.97
2023-01-23,Sen,23.27
2023-01-24,Sel,20.75
2023-01-25,Rab,21.6
2023-01-26,Kam,24.81
2023-01-27,Jum,27.61
2023-01-28,Sab,25.5
2023-01-29,Min,52.96
2023-01-30,Sen,64.37
2023-01-31,Sel,63.46
2023-02-01,Rab,68.55
2023-02-02,Kam,53.1
2023-02-03,Jum,65.39
2023-02-04,Sab,35.89
2023-02-05,Min,40.63
2023-02-06,Sen,25.55
2023-02-07,Sel,29.56
2023-02-08,Rab,38.08
2023-02-09,Kam,45.44
2023-02-10,Jum,48.6
2023-02-11,Sab,52.5
2023-02-12,Min,27.8
2023-02-13,Sen,24.5
2023-02-14,Sel,23.66
2023-02-15,Rab,30.03
2023-02-16,Kam,45.38
2023-02-17,Jum,69.95
2023-02-18,Sab,67.59
2023-02-19,Min,58.99
2023-02-20,Sen,69.72
2023-02-21,Sel,44.25
2023-02-22,Rab,30.26
2023-02-23,Kam,30.09
2023-02-24,Jum,52.74
2023-02-25,Sab,63.07
2023-02-26,Min,52.83
2023-02-27,Sen,33.45
2023-02-28,Sel,33.53
2023-03-01,Rab,35.92
2023-03-02,Kam,34.08
2023-03-03,Jum,36.29
2023-03-04,Sab,52.46
2023-03-05,Min,43.04
2023-03-06,Sen,35.92
2023-03-07,Sel,54.97
2023-03-08,Rab,30.97
2023-03-09,Kam,38.78
2023-03-10,Jum,57.78
2023-03-11,Sab,56.03
2023-03-12,Min,61.79
2023-03-13,Sen,74.18
2023-03-14,Sel,67.97
2023-03-15,Rab,50.51
2023-03-16,Kam,60.53
2023-03-17,Jum,58.32
2023-03-18,Sab,50.5
2023-03-19,Min,44.52
2023-03-20,Sen,40.06
2023-03-21,Sel,43.85
2023-03-22,Rab,67.27
2023-03-23,Kam,67.79
2023-03-24,Jum,70.58
2023-03-25,Sab,76.56
2023-03-26,Min,67.48
2023-03-27,Sen,65.56
2023-03-28,Sel,52.06
2023-03-29,Rab,48.83
2023-03-30,Kam,69.12
2023-03-31,Jum,61.61
2023-04-01,Sab,73.29
2023-04-02,Min,65.87
2023-04-03,Sen,49.04
2023-04-04,Sel,38.55
2023-04-05,Rab,36.06
2023-04-06,Kam,49.1
2023-04-07,Jum,51.69
2023-04-08,Sab,38.65
2023-04-09,Min,52.05
2023-04-10,Sen,74.21
2023-04-11,Sel,66.16
2023-04-12,Rab,61.1
2023-04-13,Kam,56.57
2023-04-14,Jum,42.35
2023-04-15,Sab,55.58
2023-04-16,Min,48.07
2023-04-17,Sen,48.92
2023-04-18,Sel,57.79
2023-04-19,Rab,64.56
2023-04-20,Kam,59.25
2023-04-21,Jum,66.58
2023-04-22,Sab,67.11
2023-04-23,Min,64.45
2023-04-24,Sen,68.68
2023-04-25,Sel,59.68
2023-04-26,Rab,54.82
2023-04-27,Kam,49.43
2023-04-28,Jum,52.71
2023-04-29,Sab,59.03
2023-04-30,Min,60.98
2023-05-01,Sen,63.66
2023-05-02,Sel,62.25
2023-05-03,Rab,57.19
2023-05-04,Kam,65.4
2023-05-05,Jum,66.32
2023-05-06,Sab,63.57
2023-05-07,Min,71.49
2023-05-08,Sen,64.62
2023-05-09,Sel,66.95
2023-05-10,Rab,53.07
2023-05-11,Kam,46.14
2023-05-12,Jum,61.02
2023-05-13,Sab,67.74
2023-05-14,Min,60.21
2023-05-15,Sen,62.08
2023-05-16,Sel,72.25
2023-05-17,Rab,68.44
2023-05-18,Kam,67.0
2023-05-19,Jum,71.24
2023-05-20,Sab,78.28
2023-05-21,Min,76.32
2023-05-22,Sen,67.42
2023-05-23,Sel,71.29
2023-05-24,Rab,58.47
2023-05-25,Kam,67.5
2023-05-26,Jum,73.1
2023-05-27,Sab,69.9
2023-05-28,Min,74.43
2023-05-29,Sen,78.93
2023-05-30,Sel,69.88
2023-05-31,Rab,72.42
2023-06-01,Kam,73.51
2023-06-02,Jum,74.1
2023-06-03,Sab,75.52
2023-06-04,Min,72.49
2023-06-05,Sen,65.21
2023-06-06,Sel,58.99
2023-06-07,Rab,56.54
2023-06-08,Kam,65.57
2023-06-09,Jum,71.92
2023-06-10,Sab,78.64
2023-06-11,Min,78.93
2023-06-12,Sen,71.41
2023-06-13,Sel,71.3
2023-06-14,Rab,64.01
2023-06-15,Kam,52.85
2023-06-16,Jum,50.49
2023-06-17,Sab,57.56
2023-06-18,Min,61.04
2023-06-19,Sen,56.55
2023-06-20,Sel,50.88
2023-06-21,Rab,51.35
2023-06-22,Kam,53.85
2023-06-23,Jum,59.51
2023-06-24,Sab,61.34
2023-06-25,Min,64.09
2023-06-26,Sen,72.92
2023-06-27,Sel,66.3
2023-06-28,Rab,51.63
2023-06-29,Kam,45.48
2023-06-30,Jum,49.05
2023-07-01,Sab,81.94
2023-07-02,Min,81.74
2023-07-03,Sen,78.71
2023-07-04,Sel,70.43
2023-07-05,Rab,77.88
2023-07-06,Kam,59.19
2023-07-07,Jum,60.31
2023-07-08,Sab,70.66
2023-07-09,Min,66.18
2023-07-10,Sen,54.43
2023-07-11,Sel,61.78
2023-07-12,Rab,68.07
2023-07-13,Kam,63.82
2023-07-14,Jum,61.59
2023-07-15,Sab,79.29
2023-07-16,Min,76.44
2023-07-17,Sen,71.1
2023-07-18,Sel,55.55
2023-07-19,Rab,53.01
2023-07-20,Kam,58.03
2023-07-21,Jum,53.56
2023-07-22,Sab,72.31
2023-07-23,Min,79.51
2023-07-24,Sen,70.29
2023-07-25,Sel,65.56
2023-07-26,Rab,69.81
2023-07-27,Kam,68.95
2023-07-28,Jum,62.49
2023-07-29,Sab,71.48
2023-07-30,Min,78.06
2023-07-31,Sen,80.29
2023-08-01,Sel,78.25
2023-08-02,Rab,78.0
2023-08-03,Kam,81.83
2023-08-04,Jum,63.91
2023-08-05,Sab,64.78
2023-08-06,Min,74.42
2023-08-07,Sen,80.31
2023-08-08,Sel,77.95
2023-08-09,Rab,67.03
2023-08-10,Kam,57.19
2023-08-11,Jum,58.63
2023-08-12,Sab,68.96
2023-08-13,Min,65.88
2023-08-14,Sen,56.47
2023-08-15,Sel,57.83
2023-08-16,Rab,54.17
2023-08-17,Kam,57.95
2023-08-18,Jum,60.43
2023-08-19,Sab,67.14
2023-08-20,Min,58.66
2023-08-21,Sen,45.09
2023-08-22,Sel,42.98
2023-08-23,Rab,41.88
2023-08-24,Kam,43.96
2023-08-25,Jum,47.47
2023-08-26,Sab,56.56
2023-08-27,Min,56.46
2023-08-28,Sen,43.92
2023-08-29,Sel,35.05
2023-08-30,Rab,46.97
2023-08-31,Kam,60.25
2023-09-01,Jum,51.43
2023-09-02,Sab,53.7
2023-09-03,Min,59.59
2023-09-04,Sen,59.42
2023-09-05,Sel,58.84
2023-09-06,Rab,55.83
2023-09-07,Kam,64.55
2023-09-08,Jum,54.69
2023-09-09,Sab,49.36
2023-09-10,Min,49.29
2023-09-11,Sen,46.33
2023-09-12,Sel,43.79
2023-09-13,Rab,49.18
2023-09-14,Kam,41.23
2023-09-15,Jum,54.66
2023-09-16,Sab,56.79
2023-09-17,Min,62.02
2023-09-18,Sen,70.18
2023-09-19,Sel,75.7
2023-09-20,Rab,71.83
2023-09-21,Kam,63.13
2023-09-22,Jum,55.59
2023-09-23,Sab,66.55
2023-09-24,Min,68.89
2023-09-25,Sen,59.07
2023-09-26,Sel,43.3
2023-09-27,Rab,49.13
2023-09-28,Kam,56.1
2023-09-29,Jum,63.57
2023-09-30,Sab,60.84
2023-10-01,Min,61.83
2023-10-02,Sen,52.46
2023-10-03,Sel,81.43
2023-10-04,Rab,71.73
2023-10-05,Kam,60.49
2023-10-06,Jum,71.33
2023-10-07,Sab,76.89
2023-10-08,Min,53.15
2023-10-09,Sen,46.04
2023-10-10,Sel,50.67
2023-10-11,Rab,74.78
2023-10-12,Kam,46.74
2023-10-13,Jum,72.85
2023-10-14,Sab,78.55
2023-10-15,Min,73.84
2023-10-16,Sen,42.78
2023-10-17,Sel,36.77
2023-10-18,Rab,60.49
2023-10-19,Kam,61.1
2023-10-20,Jum,70.36
2023-10-21,Sab,74.49
2023-10-22,Min,69.2
2023-10-23,Sen,41.14
2023-10-24,Sel,45.24
2023-10-25,Rab,49.02
2023-10-26,Kam,40.63
2023-10-27,Jum,46.42
2023-10-28,Sab,71.01
2023-10-29,Min,84.76
2023-10-30,Sen,58.67
2023-10-31,Sel,62.17
2023-11-01,Rab,74.9
2023-11-02,Kam,79.51
2023-11-03,Jum,73.98
2023-11-04,Sab,83.8
2023-11-05,Min,80.78
2023-11-06,Sen,76.41
2023-11-07,Sel,68.49
2023-11-08,Rab,70.5
2023-11-09,Kam,63.33
2023-11-10,Jum,57.73
2023-11-11,Sab,52.19
2023-11-12,Min,44.19
2023-11-13,Sen,60.05
2023-11-14,Sel,73.53
2023-11-15,Rab,57.79
2023-11-16,Kam,45.86
2023-11-17,Jum,37.45
2023-11-18,Sab,56.61
2023-11-19,Min,78.9
2023-11-20,Sen,51.34
2023-11-21,Sel,36.45
2023-11-22,Rab,44.37
2023-11-23,Kam,72.5
2023-11-24,Jum,71.67
2023-11-25,Sab,58.22
2023-11-26,Min,36.87
2023-11-27,Sen,43.14
2023-11-28,Sel,41.18
2023-11-29,Rab,41.84
2023-11-30,Kam,21.91
2023-12-01,Jum,23.21
2023-12-02,Sab,24.04
2023-12-03,Min,34.85
2023-12-04,Sen,43.75
2023-12-05,Sel,46.25
2023-12-06,Rab,31.61
2023-12-07,Kam,30.38
2023-12-08,Jum,42.23
2023-12-09,Sab,64.71
2023-12-10,Min,75.98
2023-12-11,Sen,60.19
2023-12-12,Sel,37.37
2023-12-13,Rab,46.06
2023-12-14,Kam,29.75
2023-12-15,Jum,44.23
2023-12-16,Sab,67.32
2023-12-17,Min,69.02
2023-12-18,Sen,66.76
2023-12-19,Sel,66.14
2023-12-20,Rab,74.54
2023-12-21,Kam,82.37
2023-12-22,Jum,83.9
2023-12-23,Sab,79.51
2023-12-24,Min,84.29
2023-12-25,Sen,82.77
2023-12-26,Sel,81.89
2023-12-27,Rab,69.89
2023-12-28,Kam,83.52
2023-12-29,Jum,84.35
2023-12-30,Sab,79.44
2023-12-31,Min,81.36
