Tanggal,Hari,Pangsa,Surya,Beban
2021-01-01,Jum,25.86,973.05,45716.98
2021-01-02,Sab,25.22,715.7,48891.7
2021-01-03,Min,46.98,299.04,50646.64
2021-01-04,Sen,37.04,238.83,61715.99
2021-01-05,Sel,34.33,267.75,63290.04
2021-01-06,Rab,26.93,315.61,60523.86
2021-01-07,Kam,22.24,358.81,63530.96
2021-01-08,Jum,20.81,406.33,62567.52
2021-01-09,Sab,18.84,692.19,55322.42
2021-01-10,Min,31.91,1300.55,54046.64
2021-01-11,Sen,48.91,985.64,68186.82
2021-01-12,Sel,50.66,519.65,68482.79
2021-01-13,Rab,55.62,1046.86,68734.76
2021-01-14,Kam,31.4,546.96,67167.55
2021-01-15,Jum,23.66,988.76,65700.15
2021-01-16,Sab,25.61,657.32,57840.73
2021-01-17,Min,24.33,658.62,54597.06
2021-01-18,Sen,40.82,516.71,66349.4
2021-01-19,Sel,53.47,508.7,68025.55
2021-01-20,Rab,60.95,1605.61,67693.2
2021-01-21,Kam,64.35,1910.47,67564.62
2021-01-22,Jum,49.8,1743.83,65329.03
2021-01-23,Sab,31.69,1038.26,55672.99
2021-01-24,Min,28.99,1081.76,52649.07
2021-01-25,Sen,23.27,1168.68,64840.01
2021-01-26,Sel,33.26,1007.51,67172.33
2021-01-27,Rab,32.81,1032.15,67292.01
2021-01-28,Kam,30.95,672.03,66635.4
2021-01-29,Jum,47.09,1323.84,65008.08
2021-01-30,Sab,32.93,1054.51,56242.69
2021-01-31,Min,34.01,1929.56,54185.21
2021-02-01,Sen,30.23,1106.01,65179.05
2021-02-02,Sel,30.66,923.48,65649.6
2021-02-03,Rab,48.18,638.35,66643.54
2021-02-04,Kam,38.81,2500.42,64450.63
2021-02-05,Jum,41.29,1292.47,63866.08
2021-02-06,Sab,60.48,880.74,57623.9
2021-02-07,Min,63.16,619.05,56539.52
2021-02-08,Sen,43.01,816.93,66765.01
2021-02-09,Sel,28.5,438.8,68336.52
2021-02-10,Rab,26.98,563.88,68877.11
2021-02-11,Kam,23.43,1134.89,68472.06
2021-02-12,Jum,32.87,1917.29,67473.47
2021-02-13,Sab,31.63,2512.26,59407.04
2021-02-14,Min,43.5,2975.96,56969.24
2021-02-15,Sen,44.99,1395.52,68421.27
2021-02-16,Sel,39.7,1626.09,65892.3
2021-02-17,Rab,51.13,2457.75,65928.47
2021-02-18,Kam,52.79,3884.79,65039.8
2021-02-19,Jum,50.06,4395.04,63107.66
2021-02-20,Sab,60.67,5656.06,53869.27
2021-02-21,Min,54.67,6273.78,49364.48
2021-02-22,Sen,44.52,5148.46,60979.93
2021-02-23,Sel,50.1,5190.94,62132.57
2021-02-24,Rab,57.02,5910.55,62472.11
2021-02-25,Kam,48.68,6355.65,61747.92
2021-02-26,Jum,43.95,3804.31,61826.06
2021-02-27,Sab,39.81,4111.27,52827.04
2021-02-28,Min,39.8,6140.63,49895.26
2021-03-01,Sen,30.35,5773.68,61572.94
2021-03-02,Sel,30.1,7052.81,61940.1
2021-03-03,Rab,30.76,4889.95,62694.99
2021-03-04,Kam,34.07,2915.5,63056.84
2021-03-05,Jum,33.22,4603.62,62589.96
2021-03-06,Sab,43.77,6832.74,54629.24
2021-03-07,Min,46.0,5514.31,52311.7
2021-03-08,Sen,27.51,6292.96,62172.61
2021-03-09,Sel,25.07,4525.48,64277.3
2021-03-10,Rab,41.52,4162.0,64363.29
2021-03-11,Kam,71.54,2543.5,67068.03
2021-03-12,Jum,73.09,4888.36,64955.44
2021-03-13,Sab,75.36,2865.73,57642.8
2021-03-14,Min,68.68,3601.73,53510.7
2021-03-15,Sen,58.14,3311.34,63764.12
2021-03-16,Sel,43.32,3701.79,64378.59
2021-03-17,Rab,30.82,3634.93,63574.43
2021-03-18,Kam,26.54,4595.36,63448.08
2021-03-19,Jum,38.3,4498.51,63622.2
2021-03-20,Sab,45.52,5885.79,55156.35
2021-03-21,Min,60.34,3065.95,52831.75
2021-03-22,Sen,35.97,4216.35,62823.93
2021-03-23,Sel,28.93,3190.05,63271.24
2021-03-24,Rab,37.92,8213.19,62321.09
2021-03-25,Kam,32.97,7483.12,61147.11
2021-03-26,Jum,52.24,7859.77,59901.22
2021-03-27,Sab,69.36,5303.9,54741.38
2021-03-28,Min,68.35,6886.76,50409.77
2021-03-29,Sen,61.79,8383.07,60089.49
2021-03-30,Sel,43.59,9794.54,59604.84
2021-03-31,Rab,35.61,9647.18,58074.96
2021-04-01,Kam,50.39,7367.43,57340.43
2021-04-02,Jum,61.88,6828.0,48564.87
2021-04-03,Sab,59.27,7079.77,48609.5
2021-04-04,Min,61.69,7873.48,45905.57
2021-04-05,Sen,74.08,4419.18,50756.57
2021-04-06,Sel,63.58,5366.87,63147.29
2021-04-07,Rab,60.38,3955.01,65674.62
2021-04-08,Kam,54.87,5711.39,63496.46
2021-04-09,Jum,51.95,7907.79,61552.53
2021-04-10,Sab,40.25,4913.92,51511.01
2021-04-11,Min,55.84,5939.81,50039.93
2021-04-12,Sen,39.82,4848.08,61948.59
2021-04-13,Sel,43.9,7367.33,63293.95
2021-04-14,Rab,34.56,7268.49,62540.11
2021-04-15,Kam,35.85,7352.03,62842.14
2021-04-16,Jum,36.36,6404.25,61862.75
2021-04-17,Sab,36.01,5796.8,52174.86
2021-04-18,Min,29.33,4662.66,48246.0
2021-04-19,Sen,28.03,5884.06,60415.68
2021-04-20,Sel,30.21,8880.76,60305.7
2021-04-21,Rab,47.05,9308.62,60613.8
2021-04-22,Kam,56.5,9288.92,61167.63
2021-04-23,Jum,49.05,10833.53,58596.03
2021-04-24,Sab,52.25,10604.95,49662.44
2021-04-25,Min,52.13,10492.2,46660.24
2021-04-26,Sen,41.61,11391.11,57884.3
2021-04-27,Sel,47.61,12043.36,58615.14
2021-04-28,Rab,44.84,10664.0,58749.83
2021-04-29,Kam,46.12,5427.57,60079.57
2021-04-30,Jum,31.28,5483.33,58169.94
2021-05-01,Sab,40.37,5792.69,46147.84
2021-05-02,Min,54.27,5201.44,47268.56
2021-05-03,Sen,55.16,8580.02,59425.56
2021-05-04,Sel,74.42,5505.52,63223.37
2021-05-05,Rab,69.4,7199.43,63107.66
2021-05-06,Kam,46.7,5925.07,61787.43
2021-05-07,Jum,50.84,7342.17,59412.42
2021-05-08,Sab,61.18,9986.55,50281.91
2021-05-09,Min,71.81,11439.19,47055.34
2021-05-10,Sen,55.33,8481.83,57886.64
2021-05-11,Sel,41.02,5627.46,58427.12
2021-05-12,Rab,39.94,4167.41,57788.04
2021-05-13,Kam,47.88,5402.47,46722.09
2021-05-14,Jum,48.78,7347.86,50880.56
2021-05-15,Sab,53.28,7387.99,47925.56
2021-05-16,Min,54.45,8098.71,45665.47
2021-05-17,Sen,49.73,7640.5,57089.14
2021-05-18,Sel,43.99,7329.61,58463.8
2021-05-19,Rab,42.12,8406.79,58143.57
2021-05-20,Kam,47.93,8716.81,58215.01
2021-05-21,Jum,70.43,7099.49,58752.8
2021-05-22,Sab,74.14,8024.35,50760.86
2021-05-23,Min,65.17,8411.47,44880.41
2021-05-24,Sen,64.61,8175.74,45918.78
2021-05-25,Sel,61.14,7336.72,57994.39
2021-05-26,Rab,59.75,5832.9,60020.38
2021-05-27,Kam,51.42,5883.05,59138.64
2021-05-28,Jum,41.77,8791.74,56386.79
2021-05-29,Sab,48.84,9963.57,48142.11
2021-05-30,Min,53.49,12418.12,44600.38
2021-05-31,Sen,45.68,12843.3,55149.44
2021-06-01,Sel,47.75,12062.55,56281.71
2021-06-02,Rab,55.23,11851.83,57175.14
2021-06-03,Kam,53.11,10051.5,51196.13
2021-06-04,Jum,41.76,8583.71,53139.34
2021-06-05,Sab,44.54,7531.38,47471.78
2021-06-06,Min,43.3,5075.77,44939.7
2021-06-07,Sen,36.93,7585.81,56415.02
2021-06-08,Sel,36.24,9159.32,57565.86
2021-06-09,Rab,35.9,10153.79,57814.94
2021-06-10,Kam,37.12,10703.9,57821.66
2021-06-11,Jum,43.42,11259.27,57147.74
2021-06-12,Sab,65.08,8396.99,49770.45
2021-06-13,Min,61.37,11444.64,45626.49
2021-06-14,Sen,48.16,12878.35,56549.16
2021-06-15,Sel,40.03,11260.28,58333.48
2021-06-16,Rab,43.02,11939.23,59005.94
2021-06-17,Kam,48.77,12066.66,61035.23
2021-06-18,Jum,44.62,11471.02,60077.32
2021-06-19,Sab,49.42,11104.16,51141.02
2021-06-20,Min,55.66,8566.65,47509.45
2021-06-21,Sen,49.73,9492.24,59370.11
2021-06-22,Sel,39.79,6885.48,59198.1
2021-06-23,Rab,34.29,7683.0,57486.47
2021-06-24,Kam,31.64,6483.37,57199.0
2021-06-25,Jum,33.31,7747.91,56151.53
2021-06-26,Sab,40.94,10446.82,47780.23
2021-06-27,Min,47.4,10982.26,45039.0
2021-06-28,Sen,41.3,10246.9,59145.66
2021-06-29,Sel,40.99,7248.2,59135.69
2021-06-30,Rab,41.84,5458.74,58908.14
2021-07-01,Kam,43.21,3976.54,59978.7
2021-07-02,Jum,39.85,8007.61,56918.43
2021-07-03,Sab,40.54,10679.06,47890.28
2021-07-04,Min,40.59,8125.19,45244.96
2021-07-05,Sen,39.74,6871.15,57265.28
2021-07-06,Sel,56.21,8135.89,59764.94
2021-07-07,Rab,40.76,6789.03,58587.31
2021-07-08,Kam,32.83,5080.45,57952.81
2021-07-09,Jum,40.1,4946.24,57472.26
2021-07-10,Sab,44.08,9718.7,48412.18
2021-07-11,Min,41.68,7496.05,45382.28
2021-07-12,Sen,40.54,9600.94,58099.27
2021-07-13,Sel,36.04,5989.63,59341.04
2021-07-14,Rab,40.58,5070.95,59026.0
2021-07-15,Kam,44.22,7224.5,57853.94
2021-07-16,Jum,46.42,8150.44,56982.05
2021-07-17,Sab,58.09,6992.52,48862.32
2021-07-18,Min,60.12,10589.64,45868.0
2021-07-19,Sen,44.78,8749.38,56748.97
2021-07-20,Sel,41.15,9388.5,57694.41
2021-07-21,Rab,39.39,9133.35,56835.76
2021-07-22,Kam,38.36,9353.19,57022.65
2021-07-23,Jum,39.44,10072.99,55863.99
2021-07-24,Sab,50.57,7995.84,48432.32
2021-07-25,Min,48.95,7957.22,45961.09
2021-07-26,Sen,38.78,8238.97,56652.69
2021-07-27,Sel,42.52,8489.81,57224.9
2021-07-28,Rab,54.05,6573.16,57065.5
2021-07-29,Kam,69.12,9214.17,57662.09
2021-07-30,Jum,59.44,10514.97,55399.94
2021-07-31,Sab,68.89,8177.68,48918.56
2021-08-01,Min,53.29,6212.14,44072.32
2021-08-02,Sen,49.59,7854.53,54453.16
2021-08-03,Sel,35.82,7139.19,55222.26
2021-08-04,Rab,34.48,6713.54,54418.63
2021-08-05,Kam,40.31,7292.75,55180.61
2021-08-06,Jum,53.75,7612.84,54276.02
2021-08-07,Sab,55.34,6812.63,46625.8
2021-08-08,Min,68.99,7438.65,45069.28
2021-08-09,Sen,56.79,8786.34,53507.5
2021-08-10,Sel,44.9,8282.2,54355.94
2021-08-11,Rab,39.43,9616.68,54555.92
2021-08-12,Kam,39.86,10102.53,54834.11
2021-08-13,Jum,47.58,9336.46,55112.14
2021-08-14,Sab,56.16,10465.59,47832.55
2021-08-15,Min,52.15,9226.11,44942.35
2021-08-16,Sen,62.91,5338.28,56848.1
2021-08-17,Sel,66.18,5982.28,57795.33
2021-08-18,Rab,59.46,4775.82,57709.83
2021-08-19,Kam,44.96,4553.05,57168.49
2021-08-20,Jum,35.57,6941.67,54774.68
2021-08-21,Sab,39.58,9146.31,46350.08
2021-08-22,Min,47.05,4439.08,44478.72
2021-08-23,Sen,45.86,5383.92,56356.42
2021-08-24,Sel,42.31,7441.1,56405.21
2021-08-25,Rab,53.05,9012.89,57222.84
2021-08-26,Kam,50.88,5425.11,57192.6
2021-08-27,Jum,50.24,5241.64,55858.26
2021-08-28,Sab,49.99,4802.56,47588.81
2021-08-29,Min,47.19,3049.74,45849.1
2021-08-30,Sen,44.18,4379.24,57682.84
2021-08-31,Sel,42.28,6088.05,58360.71
2021-09-01,Rab,36.92,8000.75,57489.2
2021-09-02,Kam,35.88,9077.15,56548.11
2021-09-03,Jum,39.72,9923.7,55905.28
2021-09-04,Sab,38.05,8455.38,47328.21
2021-09-05,Min,42.22,9109.17,44674.07
2021-09-06,Sen,31.31,9066.72,55340.39
2021-09-07,Sel,30.36,7910.11,56728.54
2021-09-08,Rab,36.66,9508.49,57352.37
2021-09-09,Kam,35.34,8526.52,57778.53
2021-09-10,Jum,30.83,6785.04,56564.95
2021-09-11,Sab,35.26,5070.29,47847.9
2021-09-12,Min,40.25,6776.07,45676.44
2021-09-13,Sen,30.14,7064.84,55963.91
2021-09-14,Sel,33.81,7971.74,57479.71
2021-09-15,Rab,34.34,2917.56,59254.31
2021-09-16,Kam,40.07,3557.91,59080.21
2021-09-17,Jum,31.79,4266.31,56840.57
2021-09-18,Sab,34.75,5850.12,48537.4
2021-09-19,Min,38.82,4523.08,45321.99
2021-09-20,Sen,26.23,3846.38,56224.52
2021-09-21,Sel,34.27,5033.36,57956.69
2021-09-22,Rab,37.51,6147.51,58088.61
2021-09-23,Kam,60.62,7034.16,60380.18
2021-09-24,Jum,51.48,4829.82,59032.43
2021-09-25,Sab,35.92,6295.3,49175.06
2021-09-26,Min,36.16,5598.89,46548.89
2021-09-27,Sen,37.79,4539.24,58399.38
2021-09-28,Sel,31.72,4927.31,58145.12
2021-09-29,Rab,50.54,3864.97,60235.87
2021-09-30,Kam,58.48,6713.99,60270.84
2021-10-01,Jum,58.54,7522.22,59274.98
2021-10-02,Sab,56.33,5805.36,50355.38
2021-10-03,Min,69.52,3592.86,49613.18
2021-10-04,Sen,42.46,2621.58,58377.84
2021-10-05,Sel,44.93,2507.64,60371.39
2021-10-06,Rab,42.16,3875.75,59955.79
2021-10-07,Kam,25.31,4831.32,58937.48
2021-10-08,Jum,34.44,5129.14,57610.33
2021-10-09,Sab,45.69,7584.86,49860.67
2021-10-10,Min,38.6,7288.82,47906.86
2021-10-11,Sen,43.35,4531.1,60725.35
2021-10-12,Sel,40.63,2773.6,62556.83
2021-10-13,Rab,34.86,4514.63,61858.11
2021-10-14,Kam,44.31,2430.25,63167.07
2021-10-15,Jum,50.38,4277.29,62196.4
2021-10-16,Sab,36.93,4521.5,52746.14
2021-10-17,Min,35.37,3386.47,49449.43
2021-10-18,Sen,36.26,4052.31,60152.89
2021-10-19,Sel,49.02,1905.37,63010.04
2021-10-20,Rab,67.94,3353.85,64122.23
2021-10-21,Kam,68.49,3177.27,64808.91
2021-10-22,Jum,66.47,3972.22,63396.25
2021-10-23,Sab,44.94,4340.2,53037.26
2021-10-24,Min,51.94,6467.33,49829.39
2021-10-25,Sen,41.36,4285.48,61699.84
2021-10-26,Sel,44.11,2734.16,63351.07
2021-10-27,Rab,47.41,2879.67,63872.24
2021-10-28,Kam,44.14,4393.88,62814.99
2021-10-29,Jum,50.64,4073.95,61474.58
2021-10-30,Sab,53.97,2771.01,52948.91
2021-10-31,Min,59.92,4177.84,49193.07
2021-11-01,Sen,53.36,1699.54,54229.76
2021-11-02,Sel,28.52,2714.06,60390.16
2021-11-03,Rab,22.68,2069.67,61554.31
2021-11-04,Kam,36.04,912.45,64913.33
2021-11-05,Jum,41.19,1728.01,63996.36
2021-11-06,Sab,56.7,2810.91,55435.83
2021-11-07,Min,65.62,2035.83,53250.06
2021-11-08,Sen,34.24,2536.96,62575.99
2021-11-09,Sel,36.76,4554.59,64645.24
2021-11-10,Rab,27.12,3117.56,64979.71
2021-11-11,Kam,21.99,2865.76,62424.49
2021-11-12,Jum,30.71,1635.01,61759.31
2021-11-13,Sab,26.59,1023.44,54592.19
2021-11-14,Min,26.83,1089.57,49026.9
2021-11-15,Sen,23.69,629.09,60986.97
2021-11-16,Sel,16.45,516.6,61906.8
2021-11-17,Rab,36.64,639.94,63450.12
2021-11-18,Kam,51.89,1519.67,64352.34
2021-11-19,Jum,52.25,1064.97,62716.89
2021-11-20,Sab,47.07,856.0,55884.18
2021-11-21,Min,38.09,1194.61,53032.79
2021-11-22,Sen,33.69,1854.15,64492.93
2021-11-23,Sel,33.62,2487.95,64955.64
2021-11-24,Rab,26.51,1381.04,64498.14
2021-11-25,Kam,30.74,713.85,66682.67
2021-11-26,Jum,37.15,843.55,65663.89
2021-11-27,Sab,30.19,971.27,56971.33
2021-11-28,Min,25.61,997.91,53754.95
2021-11-29,Sen,29.5,822.2,66171.76
2021-11-30,Sel,56.76,342.2,70035.94
2021-12-01,Rab,62.89,880.47,69266.71
2021-12-02,Kam,42.16,1478.72,69350.51
2021-12-03,Jum,54.37,1626.77,69425.34
2021-12-04,Sab,34.52,549.97,58205.19
2021-12-05,Min,36.7,1267.71,54917.94
2021-12-06,Sen,31.87,1066.47,66349.28
2021-12-07,Sel,41.17,1269.8,68428.82
2021-12-08,Rab,43.0,631.57,68932.48
2021-12-09,Kam,26.91,519.93,66820.94
2021-12-10,Jum,25.47,946.67,65411.52
2021-12-11,Sab,27.84,816.5,57458.07
2021-12-12,Min,43.79,739.27,55009.45
2021-12-13,Sen,33.01,699.09,64282.62
2021-12-14,Sel,30.01,650.26,65458.26
2021-12-15,Rab,37.75,605.37,65873.7
2021-12-16,Kam,28.21,826.99,64989.34
2021-12-17,Jum,25.88,1066.64,62884.55
2021-12-18,Sab,37.05,626.99,57063.54
2021-12-19,Min,51.62,672.4,54516.04
2021-12-20,Sen,26.31,2707.07,62053.17
2021-12-21,Sel,19.94,2416.13,62001.63
2021-12-22,Rab,26.02,2601.61,62494.11
2021-12-23,Kam,38.9,903.34,60372.69
2021-12-24,Jum,46.97,377.4,51993.39
2021-12-25,Sab,33.28,984.81,48377.82
2021-12-26,Min,40.46,1132.67,49627.27
2021-12-27,Sen,43.65,1061.89,56073.25
2021-12-28,Sel,49.14,693.26,55921.58
2021-12-29,Rab,40.23,701.1,52632.66
2021-12-30,Kam,67.25,661.16,54005.08
2021-12-31,Jum,72.66,2065.07,50329.72
2022-01-01,Sab,66.06,1688.15,44698.73
2022-01-02,Min,74.69,1235.46,49183.25
2022-01-03,Sen,67.15,1109.54,60272.27
2022-01-04,Sel,43.88,510.24,61720.0
2022-01-05,Rab,59.81,1316.36,65085.41
2022-01-06,Kam,41.58,2541.07,61192.54
2022-01-07,Jum,49.74,875.95,64138.19
2022-01-08,Sab,50.45,1133.32,57726.86
2022-01-09,Min,50.11,1002.9,54614.09
2022-01-10,Sen,21.91,1327.14,64272.99
2022-01-11,Sel,26.88,1885.97,65802.32
2022-01-12,Rab,28.4,1855.37,66324.73
2022-01-13,Kam,44.51,1856.1,68314.23
2022-01-14,Jum,39.39,2364.56,66658.53
2022-01-15,Sab,23.76,1489.1,56244.61
2022-01-16,Min,48.54,1193.17,56179.27
2022-01-17,Sen,52.98,1046.14,67683.19
2022-01-18,Sel,29.12,1508.06,65764.98
2022-01-19,Rab,49.16,2415.85,68711.16
2022-01-20,Kam,57.38,1939.83,69707.76
2022-01-21,Jum,49.23,2202.05,68396.29
2022-01-22,Sab,37.71,1033.17,57173.59
2022-01-23,Min,26.4,1221.27,52906.72
2022-01-24,Sen,24.94,1845.43,64697.65
2022-01-25,Sel,24.85,1332.38,66555.76
2022-01-26,Rab,40.82,1034.24,68460.72
2022-01-27,Kam,58.87,1655.05,69172.2
2022-01-28,Jum,52.85,2647.19,67157.48
2022-01-29,Sab,69.02,952.62,58831.71
2022-01-30,Min,65.15,2758.15,53823.04
2022-01-31,Sen,45.68,1102.69,67678.44
2022-02-01,Sel,59.79,819.21,69436.59
2022-02-02,Rab,55.97,2272.23,67064.6
2022-02-03,Kam,42.27,1303.45,66285.67
2022-02-04,Jum,58.64,1530.42,65782.59
2022-02-05,Sab,72.43,3667.97,58130.91
2022-02-06,Min,74.83,1149.46,56166.14
2022-02-07,Sen,64.48,2730.46,66426.59
2022-02-08,Sel,58.99,1625.32,67651.15
2022-02-09,Rab,50.51,3097.2,66082.06
2022-02-10,Kam,41.89,3067.31,65382.98
2022-02-11,Jum,43.83,2848.92,65877.81
2022-02-12,Sab,50.43,6698.79,57242.48
2022-02-13,Min,66.94,6789.62,54165.94
2022-02-14,Sen,60.6,4250.04,65499.84
2022-02-15,Sel,53.21,2706.81,66691.98
2022-02-16,Rab,66.6,1440.6,67018.65
2022-02-17,Kam,72.11,3615.15,66201.46
2022-02-18,Jum,64.47,1608.96,63990.66
2022-02-19,Sab,72.72,5196.95,56648.8
2022-02-20,Min,73.11,2005.12,53703.61
2022-02-21,Sen,70.92,3179.06,65924.92
2022-02-22,Sel,61.98,3349.86,66360.44
2022-02-23,Rab,56.61,7229.31,64854.28
2022-02-24,Kam,59.21,4199.15,66583.44
2022-02-25,Jum,60.09,4404.67,65797.94
2022-02-26,Sab,35.4,5305.76,54098.2
2022-02-27,Min,48.67,8216.04,51813.18
2022-02-28,Sen,45.11,8525.96,62349.68
2022-03-01,Sel,34.39,7101.83,64118.91
2022-03-02,Rab,26.54,5543.92,63445.4
2022-03-03,Kam,33.45,7304.66,63312.56
2022-03-04,Jum,34.68,6215.68,63036.53
2022-03-05,Sab,35.1,6503.41,54797.81
2022-03-06,Min,31.17,4663.01,51713.49
2022-03-07,Sen,33.04,7460.71,62497.31
2022-03-08,Sel,40.17,8748.8,63004.59
2022-03-09,Rab,37.71,8701.77,62304.53
2022-03-10,Kam,49.63,8694.77,62736.59
2022-03-11,Jum,63.3,8783.33,63142.84
2022-03-12,Sab,57.72,8142.25,53924.02
2022-03-13,Min,56.85,8612.06,50361.74
2022-03-14,Sen,37.2,5205.17,61383.27
2022-03-15,Sel,24.26,2693.5,62015.41
2022-03-16,Rab,40.2,5801.6,62174.96
2022-03-17,Kam,42.67,2349.85,63168.94
2022-03-18,Jum,41.87,7276.24,60782.38
2022-03-19,Sab,60.87,8299.73,53827.04
2022-03-20,Min,66.09,8181.04,51039.5
2022-03-21,Sen,42.59,8800.55,60249.74
2022-03-22,Sel,32.97,9445.15,60008.28
2022-03-23,Rab,30.7,9460.7,59700.18
2022-03-24,Kam,30.03,9364.72,59353.68
2022-03-25,Jum,35.74,9304.13,58612.54
2022-03-26,Sab,44.75,8689.86,51062.91
2022-03-27,Min,37.06,9040.11,47223.19
2022-03-28,Sen,37.02,8618.93,59226.71
2022-03-29,Sel,32.62,6183.71,60129.1
2022-03-30,Rab,27.8,3783.62,60653.57
2022-03-31,Kam,47.15,2719.76,63316.35
2022-04-01,Jum,55.25,2422.16,65421.88
2022-04-02,Sab,47.6,3503.51,55322.95
2022-04-03,Min,46.9,5796.79,50859.85
2022-04-04,Sen,68.64,5779.07,64295.89
2022-04-05,Sel,52.64,3145.69,63737.81
2022-04-06,Rab,65.5,4850.21,63478.59
2022-04-07,Kam,71.72,4606.78,64395.4
2022-04-08,Jum,57.3,4448.64,61910.35
2022-04-09,Sab,66.75,7126.91,54264.71
2022-04-10,Min,60.2,7741.44,50518.02
2022-04-11,Sen,42.72,11285.87,58734.9
2022-04-12,Sel,54.64,10581.02,59255.76
2022-04-13,Rab,42.71,9449.58,57702.22
2022-04-14,Kam,41.36,7822.07,56269.82
2022-04-15,Jum,45.6,6435.94,46660.74
2022-04-16,Sab,53.51,10659.94,46903.86
2022-04-17,Min,54.55,12145.47,43020.19
2022-04-18,Sen,50.04,12273.45,43576.89
2022-04-19,Sel,47.58,10983.26,55770.04
2022-04-20,Rab,47.79,10751.72,57836.65
2022-04-21,Kam,47.76,8033.79,58576.79
2022-04-22,Jum,58.7,8902.02,58084.23
2022-04-23,Sab,64.53,9099.79,50102.76
2022-04-24,Min,59.88,6378.06,48228.8
2022-04-25,Sen,37.36,6788.7,57707.13
2022-04-26,Sel,33.56,6863.86,58714.42
2022-04-27,Rab,35.09,9520.48,57780.1
2022-04-28,Kam,40.13,11966.36,57387.32
2022-04-29,Jum,38.73,10200.07,56194.44
2022-04-30,Sab,39.66,7614.08,48251.77
2022-05-01,Min,36.83,7554.5,43821.29
2022-05-02,Sen,38.2,10448.5,55952.39
2022-05-03,Sel,38.12,10220.1,57442.43
2022-05-04,Rab,33.44,9108.86,57203.35
2022-05-05,Kam,34.09,8737.97,57689.11
2022-05-06,Jum,36.08,8746.36,56433.64
2022-05-07,Sab,45.96,8897.73,48464.48
2022-05-08,Min,50.0,10056.75,44752.81
2022-05-09,Sen,44.66,12070.77,56750.83
2022-05-10,Sel,52.76,10064.27,59242.9
2022-05-11,Rab,60.15,10992.8,58818.21
2022-05-12,Kam,58.31,10574.61,58480.21
2022-05-13,Jum,59.8,8874.33,57775.45
2022-05-14,Sab,57.81,11808.1,48289.2
2022-05-15,Min,55.04,12889.29,44571.58
2022-05-16,Sen,52.53,8662.31,57569.72
2022-05-17,Sel,43.52,9318.18,58448.05
2022-05-18,Rab,51.16,11955.29,58840.92
2022-05-19,Kam,53.62,10716.14,58586.99
2022-05-20,Jum,55.61,9951.95,57501.09
2022-05-21,Sab,68.09,9706.94,49405.08
2022-05-22,Min,50.0,11686.28,43801.47
2022-05-23,Sen,61.0,9073.17,57254.09
2022-05-24,Sel,56.13,6910.42,57447.97
2022-05-25,Rab,58.16,9917.58,55540.96
2022-05-26,Kam,72.83,8321.4,46762.0
2022-05-27,Jum,73.94,8763.95,51743.24
2022-05-28,Sab,70.69,9598.8,47756.26
2022-05-29,Min,53.23,8052.51,44230.22
2022-05-30,Sen,39.47,9475.74,55421.96
2022-05-31,Sel,35.08,10056.87,55978.23
2022-06-01,Rab,43.17,10025.85,55357.33
2022-06-02,Kam,48.16,11721.66,55782.62
2022-06-03,Jum,46.84,11589.27,54606.04
2022-06-04,Sab,50.94,10559.57,45557.99
2022-06-05,Min,57.96,8180.17,42084.05
2022-06-06,Sen,64.22,9475.35,43932.35
2022-06-07,Sel,51.65,7968.62,54765.46
2022-06-08,Rab,43.87,9160.2,55521.4
2022-06-09,Kam,46.79,7770.84,56034.56
2022-06-10,Jum,47.26,11288.11,54369.95
2022-06-11,Sab,53.18,11522.75,46924.13
2022-06-12,Min,55.42,12584.74,44143.85
2022-06-13,Sen,54.47,10760.63,55324.76
2022-06-14,Sel,46.39,12471.63,55184.04
2022-06-15,Rab,44.81,13363.69,54385.92
2022-06-16,Kam,48.26,12291.58,48474.1
2022-06-17,Jum,50.06,12439.64,51413.21
2022-06-18,Sab,57.78,12855.93,47473.16
2022-06-19,Min,56.22,11193.34,45098.94
2022-06-20,Sen,47.83,7383.06,55053.14
2022-06-21,Sel,44.49,12547.47,55808.06
2022-06-22,Rab,38.6,10098.08,55497.58
2022-06-23,Kam,47.09,12821.23,55702.93
2022-06-24,Jum,50.27,8297.88,55813.03
2022-06-25,Sab,44.01,10858.83,46447.69
2022-06-26,Min,46.1,10946.41,43700.4
2022-06-27,Sen,41.76,8686.74,55296.78
2022-06-28,Sel,41.59,11027.83,55031.94
2022-06-29,Rab,43.01,8259.17,55631.49
2022-06-30,Kam,41.0,11230.25,56515.1
2022-07-01,Jum,44.09,5398.58,54771.73
2022-07-02,Sab,52.22,13411.66,46494.78
2022-07-03,Min,52.43,12831.74,44186.99
2022-07-04,Sen,47.81,11420.6,54675.9
2022-07-05,Sel,47.57,11469.4,55915.12
2022-07-06,Rab,50.73,10329.29,55606.81
2022-07-07,Kam,57.06,5055.79,57640.63
2022-07-08,Jum,52.58,9395.04,54858.41
2022-07-09,Sab,58.97,8467.08,47096.75
2022-07-10,Min,59.52,8645.54,44710.1
2022-07-11,Sen,39.35,8746.48,53262.69
2022-07-12,Sel,42.33,12412.09,54121.55
2022-07-13,Rab,46.68,9902.34,56285.93
2022-07-14,Kam,49.87,10569.99,55985.67
2022-07-15,Jum,50.7,10235.85,54091.02
2022-07-16,Sab,61.3,11320.0,46687.7
2022-07-17,Min,48.77,13109.75,42684.76
2022-07-18,Sen,41.09,11887.19,52888.89
2022-07-19,Sel,45.71,12723.4,55150.26
2022-07-20,Rab,53.02,11811.43,57216.83
2022-07-21,Kam,44.2,7642.93,55555.4
2022-07-22,Jum,41.44,9913.13,53083.52
2022-07-23,Sab,42.69,9226.32,45415.54
2022-07-24,Min,50.52,12445.6,43129.23
2022-07-25,Sen,56.33,10388.63,55741.26
2022-07-26,Sel,50.55,8402.38,54322.52
2022-07-27,Rab,46.42,9136.69,53348.93
2022-07-28,Kam,43.66,11573.97,53749.06
2022-07-29,Jum,43.2,8545.75,52781.02
2022-07-30,Sab,41.45,9124.11,44038.54
2022-07-31,Min,44.36,9094.99,42189.42
2022-08-01,Sen,40.07,8293.13,52294.47
2022-08-02,Sel,41.95,11427.67,53019.96
2022-08-03,Rab,42.48,12025.86,53807.95
2022-08-04,Kam,43.01,10906.47,54178.51
2022-08-05,Jum,44.51,7934.35,53215.05
2022-08-06,Sab,46.25,10220.91,45139.22
2022-08-07,Min,45.7,11707.12,41578.04
2022-08-08,Sen,41.38,11531.72,51323.82
2022-08-09,Sel,43.36,11684.91,52417.93
2022-08-10,Rab,43.8,11827.62,52674.18
2022-08-11,Kam,45.65,12117.6,52650.05
2022-08-12,Jum,47.84,11522.13,51443.78
2022-08-13,Sab,47.14,10037.24,44511.07
2022-08-14,Min,51.01,10586.67,43372.39
2022-08-15,Sen,42.56,8006.3,51530.71
2022-08-16,Sel,37.66,10225.02,52656.11
2022-08-17,Rab,37.98,8249.6,53365.39
2022-08-18,Kam,37.23,6509.42,53796.76
2022-08-19,Jum,33.98,4754.64,51974.37
2022-08-20,Sab,38.33,5498.85,43831.65
2022-08-21,Min,42.71,9905.14,41109.74
2022-08-22,Sen,35.59,8980.3,51621.58
2022-08-23,Sel,39.85,10150.41,53120.43
2022-08-24,Rab,40.01,9988.82,53199.56
2022-08-25,Kam,43.0,9633.9,54233.87
2022-08-26,Jum,38.51,6908.72,52897.9
2022-08-27,Sab,41.61,4390.48,44830.19
2022-08-28,Min,51.2,7877.1,42517.67
2022-08-29,Sen,39.87,8914.99,51830.17
2022-08-30,Sel,40.21,9091.08,52928.26
2022-08-31,Rab,37.27,6316.86,53593.93
2022-09-01,Kam,41.78,8521.05,52978.26
2022-09-02,Jum,50.25,10263.75,53415.82
2022-09-03,Sab,57.48,8098.14,46297.55
2022-09-04,Min,51.74,9410.84,43439.04
2022-09-05,Sen,49.54,9476.34,55051.92
2022-09-06,Sel,48.49,7790.41,55565.97
2022-09-07,Rab,37.73,7581.03,55139.08
2022-09-08,Kam,40.96,4306.63,55919.51
2022-09-09,Jum,42.34,6467.99,53335.69
2022-09-10,Sab,39.41,5207.23,45044.09
2022-09-11,Min,33.78,5594.56,41890.42
2022-09-12,Sen,39.93,8538.92,52237.04
2022-09-13,Sel,44.86,5909.82,55042.47
2022-09-14,Rab,36.54,3442.36,54683.79
2022-09-15,Kam,50.21,4505.04,55811.17
2022-09-16,Jum,62.27,5405.39,55733.42
2022-09-17,Sab,69.2,5538.23,47695.47
2022-09-18,Min,67.9,3859.02,45206.5
2022-09-19,Sen,54.86,5327.09,54674.32
2022-09-20,Sel,35.77,6217.38,53832.63
2022-09-21,Rab,30.76,8448.42,53398.61
2022-09-22,Kam,33.63,9084.23,53495.08
2022-09-23,Jum,35.02,7850.39,52804.34
2022-09-24,Sab,35.17,4036.46,45858.23
2022-09-25,Min,36.85,4345.78,43018.32
2022-09-26,Sen,56.29,4930.2,56138.28
2022-09-27,Sel,45.64,3584.72,55467.1
2022-09-28,Rab,30.54,3630.33,54772.61
2022-09-29,Kam,30.04,5074.1,54736.22
2022-09-30,Jum,44.18,6857.27,53843.92
2022-10-01,Sab,70.9,2365.78,49328.55
2022-10-02,Min,65.79,3628.87,45244.09
2022-10-03,Sen,52.42,5270.23,44888.45
2022-10-04,Sel,49.42,6840.09,54196.42
2022-10-05,Rab,65.15,6493.71,57027.57
2022-10-06,Kam,57.96,6996.33,56416.41
2022-10-07,Jum,52.72,6947.49,54872.4
2022-10-08,Sab,53.59,4557.49,47854.48
2022-10-09,Min,51.58,7388.93,44080.04
2022-10-10,Sen,51.51,6168.06,56068.04
2022-10-11,Sel,35.47,5365.83,55492.48
2022-10-12,Rab,33.06,5647.58,54887.96
2022-10-13,Kam,33.39,3199.79,55111.94
2022-10-14,Jum,33.73,2935.8,54209.61
2022-10-15,Sab,49.14,3026.98,46993.08
2022-10-16,Min,52.72,5001.56,44922.96
2022-10-17,Sen,48.04,5508.05,54724.02
2022-10-18,Sel,37.19,3554.56,56371.87
2022-10-19,Rab,39.27,4106.49,55513.02
2022-10-20,Kam,55.99,4386.59,57139.38
2022-10-21,Jum,40.45,2084.99,54656.63
2022-10-22,Sab,49.71,4109.86,46378.99
2022-10-23,Min,55.9,4003.57,43707.69
2022-10-24,Sen,66.23,2279.64,56111.37
2022-10-25,Sel,52.76,4010.4,56012.05
2022-10-26,Rab,45.19,4019.93,55455.25
2022-10-27,Kam,52.24,5386.86,55649.68
2022-10-28,Jum,54.81,4236.81,54543.45
2022-10-29,Sab,45.01,3657.36,46192.63
2022-10-30,Min,45.34,4993.48,42411.11
2022-10-31,Sen,41.33,3611.53,47608.09
2022-11-01,Sel,64.18,3188.88,49110.73
2022-11-02,Rab,63.28,3937.96,56907.69
2022-11-03,Kam,58.76,3139.66,58455.3
2022-11-04,Jum,43.5,1691.8,55956.48
2022-11-05,Sab,50.79,3129.64,48662.93
2022-11-06,Min,67.09,3874.88,47269.51
2022-11-07,Sen,62.31,2774.03,57998.85
2022-11-08,Sel,60.77,4079.65,58176.67
2022-11-09,Rab,59.12,2291.81,58205.93
2022-11-10,Kam,57.34,3719.02,58506.71
2022-11-11,Jum,51.86,2926.84,57380.21
2022-11-12,Sab,32.63,2863.91,47911.17
2022-11-13,Min,42.34,3812.56,45010.12
2022-11-14,Sen,45.56,3122.99,57163.34
2022-11-15,Sel,43.47,3427.67,57421.7
2022-11-16,Rab,49.95,1476.95,59084.97
2022-11-17,Kam,57.73,1201.48,59673.18
2022-11-18,Jum,42.44,1145.45,58200.82
2022-11-19,Sab,31.97,1762.25,50223.41
2022-11-20,Min,30.51,1514.76,46848.34
2022-11-21,Sen,35.14,1921.3,57983.28
2022-11-22,Sel,46.14,1242.68,60330.86
2022-11-23,Rab,45.37,2751.82,59245.29
2022-11-24,Kam,39.22,1519.1,58868.2
2022-11-25,Jum,37.14,1741.05,57496.03
2022-11-26,Sab,32.11,1531.91,48923.53
2022-11-27,Min,46.51,1941.38,47671.65
2022-11-28,Sen,36.65,859.07,60010.35
2022-11-29,Sel,20.82,589.55,59456.28
2022-11-30,Rab,20.07,702.0,59452.9
2022-12-01,Kam,20.29,689.78,59918.86
2022-12-02,Jum,31.42,336.77,60450.9
2022-12-03,Sab,32.35,340.14,52402.04
2022-12-04,Min,34.6,447.38,49701.84
2022-12-05,Sen,27.92,370.57,60233.65
2022-12-06,Sel,23.65,614.21,60165.08
2022-12-07,Rab,35.82,1216.48,60978.02
2022-12-08,Kam,24.67,1140.42,60739.17
2022-12-09,Jum,21.7,906.48,60032.12
2022-12-10,Sab,20.27,632.62,52305.57
2022-12-11,Min,20.34,517.48,50671.66
2022-12-12,Sen,21.39,1100.61,61514.01
2022-12-13,Sel,27.56,1472.42,63177.87
2022-12-14,Rab,26.68,686.86,63562.01
2022-12-15,Kam,29.08,891.91,63062.86
2022-12-16,Jum,21.3,742.36,61428.19
2022-12-17,Sab,28.44,714.77,55192.8
2022-12-18,Min,43.02,742.53,53041.17
2022-12-19,Sen,54.36,286.67,61595.08
2022-12-20,Sel,54.66,522.0,59645.74
2022-12-21,Rab,45.13,633.6,56535.8
2022-12-22,Kam,49.17,821.93,55550.62
2022-12-23,Jum,41.68,536.09,50861.2
2022-12-24,Sab,52.65,1221.41,43623.19
2022-12-25,Min,56.84,1618.75,41846.29
2022-12-26,Sen,69.2,675.05,43777.95
2022-12-27,Sel,66.92,2185.02,49823.5
2022-12-28,Rab,73.32,1359.03,50370.62
2022-12-29,Kam,72.64,1375.56,49245.15
2022-12-30,Jum,72.65,2147.09,48427.12
2022-12-31,Sab,75.5,1496.81,44418.3
2023-01-01,Min,74.36,1799.79,41071.67
2023-01-02,Sen,62.77,1383.61,52105.83
2023-01-03,Sel,49.37,1868.33,54002.45
2023-01-04,Rab,75.75,547.14,58356.22
2023-01-05,Kam,58.67,939.53,55516.31
2023-01-06,Jum,60.81,1220.06,53142.6
2023-01-07,Sab,67.41,1920.07,48042.54
2023-01-08,Min,67.85,968.67,46838.43
2023-01-09,Sen,53.12,1072.41,57971.78
2023-01-10,Sel,53.76,1202.3,60024.24
2023-01-11,Rab,63.48,778.19,61013.94
2023-01-12,Kam,73.88,774.04,62262.2
2023-01-13,Jum,74.96,1489.51,60544.34
2023-01-14,Sab,77.71,1240.55,52855.29
2023-01-15,Min,76.98,1031.22,50996.05
2023-01-16,Sen,57.19,2109.22,60614.03
2023-01-17,Sel,48.14,2484.0,61683.66
2023-01-18,Rab,38.84,1401.44,61204.1
2023-01-19,Kam,43.01,1501.31,62616.23
2023-01-20,Jum,23.18,1018.12,60039.39
2023-01-21,Sab,36.78,691.24,53977.14
2023-01-22,Min,31.97,316.15,50637.68
2023-01-23,Sen,23.27,569.87,59899.93
2023-01-24,Sel,20.75,544.33,59775.6
2023-01-25,Rab,21.6,324.92,60630.79
2023-01-26,Kam,24.81,458.74,62312.02
2023-01-27,Jum,27.61,736.23,60921.16
2023-01-28,Sab,25.5,1047.08,52492.89
2023-01-29,Min,52.96,1314.19,51044.75
2023-01-30,Sen,64.37,1320.05,62417.94
2023-01-31,Sel,63.46,1110.6,61898.13
2023-02-01,Rab,68.55,1040.52,62191.09
2023-02-02,Kam,53.1,1204.12,62098.38
2023-02-03,Jum,65.39,864.51,61420.39
2023-02-04,Sab,35.89,3051.6,51292.56
2023-02-05,Min,40.63,1806.71,49325.11
2023-02-06,Sen,25.55,1969.99,59264.93
2023-02-07,Sel,29.56,5320.54,60247.08
2023-02-08,Rab,38.08,6056.01,61197.96
2023-02-09,Kam,45.44,5533.62,62538.07
2023-02-10,Jum,48.6,4204.01,61179.58
2023-02-11,Sab,52.5,2038.43,52994.91
2023-02-12,Min,27.8,2222.33,47872.04
2023-02-13,Sen,24.5,3167.94,57924.89
2023-02-14,Sel,23.66,3645.31,58137.95
2023-02-15,Rab,30.03,4340.43,58786.54
2023-02-16,Kam,45.38,4228.91,59400.53
2023-02-17,Jum,69.95,1425.64,59351.97
2023-02-18,Sab,67.59,1755.3,50936.94
2023-02-19,Min,58.99,2868.47,47070.29
2023-02-20,Sen,69.72,4369.11,57158.34
2023-02-21,Sel,44.25,4258.42,57704.31
2023-02-22,Rab,30.26,4632.31,57271.44
2023-02-23,Kam,30.09,2132.54,57696.22
2023-02-24,Jum,52.74,1978.34,58307.15
2023-02-25,Sab,63.07,3098.96,52903.03
2023-02-26,Min,52.83,4008.34,48897.43
2023-02-27,Sen,33.45,4989.44,57543.95
2023-02-28,Sel,33.53,7026.64,58279.61
2023-03-01,Rab,35.92,7511.46,58253.5
2023-03-02,Kam,34.08,6598.46,58300.43
2023-03-03,Jum,36.29,4704.66,57705.92
2023-03-04,Sab,52.46,3109.33,52168.61
2023-03-05,Min,43.04,2542.13,48034.99
2023-03-06,Sen,35.92,2838.92,58099.36
2023-03-07,Sel,54.97,3581.12,60406.64
2023-03-08,Rab,30.97,1815.16,58283.71
2023-03-09,Kam,38.78,2887.43,57033.03
2023-03-10,Jum,57.78,3018.92,57770.49
2023-03-11,Sab,56.03,4725.6,50999.87
2023-03-12,Min,61.79,3311.29,47437.17
2023-03-13,Sen,74.18,4046.12,58781.9
2023-03-14,Sel,67.97,3322.32,59289.25
2023-03-15,Rab,50.51,5882.87,59172.14
2023-03-16,Kam,60.53,8296.81,58206.03
2023-03-17,Jum,58.32,7103.98,56872.38
2023-03-18,Sab,50.5,7475.77,46768.83
2023-03-19,Min,44.52,5140.77,43683.36
2023-03-20,Sen,40.06,3435.59,54868.34
2023-03-21,Sel,43.85,4920.7,55980.9
2023-03-22,Rab,67.27,7006.7,56652.8
2023-03-23,Kam,67.79,3695.79,57115.42
2023-03-24,Jum,70.58,3921.56,55985.17
2023-03-25,Sab,76.56,5643.72,48063.9
2023-03-26,Min,67.48,4235.7,45564.29
2023-03-27,Sen,65.56,7226.46,56473.14
2023-03-28,Sel,52.06,8185.11,57368.11
2023-03-29,Rab,48.83,4761.11,56771.62
2023-03-30,Kam,69.12,4146.31,57286.3
2023-03-31,Jum,61.61,4250.34,55457.05
2023-04-01,Sab,73.29,3220.0,49909.79
2023-04-02,Min,65.87,4768.03,46511.58
2023-04-03,Sen,49.04,8610.83,55197.35
2023-04-04,Sel,38.55,10423.65,55329.8
2023-04-05,Rab,36.06,10527.3,54950.51
2023-04-06,Kam,49.1,10717.08,53935.42
2023-04-07,Jum,51.69,7073.77,45087.24
2023-04-08,Sab,38.65,3689.28,43820.13
2023-04-09,Min,52.05,8848.67,38652.04
2023-04-10,Sen,74.21,10319.08,41687.58
2023-04-11,Sel,66.16,6978.84,52660.96
2023-04-12,Rab,61.1,5133.6,55020.97
2023-04-13,Kam,56.57,6382.11,54301.25
2023-04-14,Jum,42.35,6881.07,53017.2
2023-04-15,Sab,55.58,3638.77,46924.93
2023-04-16,Min,48.07,3622.51,43725.39
2023-04-17,Sen,48.92,6631.81,54008.99
2023-04-18,Sel,57.79,5810.04,55088.36
2023-04-19,Rab,64.56,8174.04,55323.4
2023-04-20,Kam,59.25,5499.78,55774.23
2023-04-21,Jum,66.58,11052.82,52703.79
2023-04-22,Sab,67.11,10517.18,44278.97
2023-04-23,Min,64.45,7994.99,41200.69
2023-04-24,Sen,68.68,6049.5,54016.71
2023-04-25,Sel,59.68,6381.25,55327.78
2023-04-26,Rab,54.82,8984.88,54660.26
2023-04-27,Kam,49.43,10400.0,53834.57
2023-04-28,Jum,52.71,4853.32,52961.55
2023-04-29,Sab,59.03,6473.49,45485.63
2023-04-30,Min,60.98,11907.06,40508.17
2023-05-01,Sen,63.66,9031.72,41285.37
2023-05-02,Sel,62.25,7522.33,53256.38
2023-05-03,Rab,57.19,12370.44,53186.34
2023-05-04,Kam,65.4,12701.27,53537.29
2023-05-05,Jum,66.32,9420.69,54376.77
2023-05-06,Sab,63.57,8398.92,46011.75
2023-05-07,Min,71.49,9124.72,43108.82
2023-05-08,Sen,64.62,9439.42,53670.32
2023-05-09,Sel,66.95,10757.29,54804.75
2023-05-10,Rab,53.07,6713.97,55017.01
2023-05-11,Kam,46.14,5686.99,54568.72
2023-05-12,Jum,61.02,8254.69,53137.93
2023-05-13,Sab,67.74,9607.21,44483.71
2023-05-14,Min,60.21,9417.26,41044.27
2023-05-15,Sen,62.08,9475.91,52206.62
2023-05-16,Sel,72.25,6865.24,54487.02
2023-05-17,Rab,68.44,10378.62,53473.33
2023-05-18,Kam,67.0,12217.06,41258.8
2023-05-19,Jum,71.24,10528.18,45928.81
2023-05-20,Sab,78.28,9851.41,43336.58
2023-05-21,Min,76.32,11122.23,41583.0
2023-05-22,Sen,67.42,11504.48,52124.39
2023-05-23,Sel,71.29,6580.45,53596.06
2023-05-24,Rab,58.47,8337.04,52442.01
2023-05-25,Kam,67.5,12197.86,52364.86
2023-05-26,Jum,73.1,13609.77,50874.8
2023-05-27,Sab,69.9,14366.79,41206.6
2023-05-28,Min,74.43,13720.41,37507.37
2023-05-29,Sen,78.93,13618.36,38695.0
2023-05-30,Sel,69.88,12995.67,49582.81
2023-05-31,Rab,72.42,14512.85,51817.24
2023-06-01,Kam,73.51,12604.09,52669.18
2023-06-02,Jum,74.1,12667.35,50657.92
2023-06-03,Sab,75.52,14614.42,42175.53
2023-06-04,Min,72.49,14285.71,39707.05
2023-06-05,Sen,65.21,12962.46,50209.14
2023-06-06,Sel,58.99,10552.84,51650.39
2023-06-07,Rab,56.54,11211.6,51150.28
2023-06-08,Kam,65.57,11548.99,44507.21
2023-06-09,Jum,71.92,13371.47,47747.95
2023-06-10,Sab,78.64,12950.66,44131.68
2023-06-11,Min,78.93,13909.87,41877.4
2023-06-12,Sen,71.41,14171.11,52769.01
2023-06-13,Sel,71.3,14369.1,53181.99
2023-06-14,Rab,64.01,12891.39,52625.39
2023-06-15,Kam,52.85,11892.41,52355.26
2023-06-16,Jum,50.49,10271.46,51592.82
2023-06-17,Sab,57.56,12511.63,43465.95
2023-06-18,Min,61.04,12725.24,41290.67
2023-06-19,Sen,56.55,9831.8,52520.04
2023-06-20,Sel,50.88,10988.36,54130.77
2023-06-21,Rab,51.35,10719.1,54594.76
2023-06-22,Kam,53.85,10477.9,53781.61
2023-06-23,Jum,59.51,6715.38,51731.73
2023-06-24,Sab,61.34,13343.62,42983.67
2023-06-25,Min,64.09,13527.81,40705.57
2023-06-26,Sen,72.92,11891.96,52964.63
2023-06-27,Sel,66.3,10242.5,53303.26
2023-06-28,Rab,51.63,10553.05,52779.47
2023-06-29,Kam,45.48,9709.83,53128.36
2023-06-30,Jum,49.05,7119.72,51512.36
2023-07-01,Sab,81.94,7951.01,44058.58
2023-07-02,Min,81.74,10258.56,42153.44
2023-07-03,Sen,78.71,9486.43,53001.7
2023-07-04,Sel,70.43,11551.62,53622.73
2023-07-05,Rab,77.88,9380.34,53894.41
2023-07-06,Kam,59.19,12482.83,52058.74
2023-07-07,Jum,60.31,14620.83,50683.44
2023-07-08,Sab,70.66,13575.55,43580.17
2023-07-09,Min,66.18,12946.16,41989.88
2023-07-10,Sen,54.43,10498.06,52622.83
2023-07-11,Sel,61.78,13194.72,53374.54
2023-07-12,Rab,68.07,10124.47,53358.23
2023-07-13,Kam,63.82,10661.16,52625.16
2023-07-14,Jum,61.59,11881.21,50897.58
2023-07-15,Sab,79.29,10906.64,45054.88
2023-07-16,Min,76.44,11042.39,41116.17
2023-07-17,Sen,71.1,11190.64,51621.9
2023-07-18,Sel,55.55,12044.75,51956.11
2023-07-19,Rab,53.01,9882.52,51467.97
2023-07-20,Kam,58.03,10828.97,51565.22
2023-07-21,Jum,53.56,7915.88,49643.49
2023-07-22,Sab,72.31,10319.4,41960.78
2023-07-23,Min,79.51,8063.83,41084.87
2023-07-24,Sen,70.29,7324.57,51136.16
2023-07-25,Sel,65.56,7185.68,51010.99
2023-07-26,Rab,69.81,9077.05,50648.6
2023-07-27,Kam,68.95,5038.15,51138.94
2023-07-28,Jum,62.49,7086.67,50041.69
2023-07-29,Sab,71.48,8050.18,42521.15
2023-07-30,Min,78.06,8991.85,40054.23
2023-07-31,Sen,80.29,6365.36,50693.78
2023-08-01,Sel,78.25,6971.76,51086.9
2023-08-02,Rab,78.0,5730.84,52120.14
2023-08-03,Kam,81.83,8321.1,51733.04
2023-08-04,Jum,63.91,7750.56,49336.44
2023-08-05,Sab,64.78,7982.59,41477.5
2023-08-06,Min,74.42,5892.06,40784.61
2023-08-07,Sen,80.31,6708.81,50682.45
2023-08-08,Sel,77.95,8927.19,50926.42
2023-08-09,Rab,67.03,8023.08,51058.39
2023-08-10,Kam,57.19,12163.8,50347.44
2023-08-11,Jum,58.63,12581.03,49218.04
2023-08-12,Sab,68.96,7524.57,43778.06
2023-08-13,Min,65.88,9531.67,40176.34
2023-08-14,Sen,56.47,10562.6,49895.29
2023-08-15,Sel,57.83,9235.9,50317.03
2023-08-16,Rab,54.17,9738.69,50876.0
2023-08-17,Kam,57.95,7926.82,51807.77
2023-08-18,Jum,60.43,11545.32,50742.68
2023-08-19,Sab,67.14,9989.56,44145.79
2023-08-20,Min,58.66,11416.11,40889.58
2023-08-21,Sen,45.09,11258.91,51642.92
2023-08-22,Sel,42.98,10558.61,52168.47
2023-08-23,Rab,41.88,11410.93,51735.79
2023-08-24,Kam,43.96,9792.02,52625.02
2023-08-25,Jum,47.47,6155.45,52015.86
2023-08-26,Sab,56.56,8264.6,43587.88
2023-08-27,Min,56.46,4966.74,40799.97
2023-08-28,Sen,43.92,5082.61,51128.35
2023-08-29,Sel,35.05,4538.36,52146.33
2023-08-30,Rab,46.97,6973.17,51660.38
2023-08-31,Kam,60.25,7932.0,52084.77
2023-09-01,Jum,51.43,6827.52,51690.78
2023-09-02,Sab,53.7,9815.59,42865.01
2023-09-03,Min,59.59,9018.33,40672.6
2023-09-04,Sen,59.42,11797.59,50613.24
2023-09-05,Sel,58.84,11500.12,52330.22
2023-09-06,Rab,55.83,11638.77,52546.59
2023-09-07,Kam,64.55,11934.52,53044.87
2023-09-08,Jum,54.69,11608.33,51851.66
2023-09-09,Sab,49.36,11314.97,44230.41
2023-09-10,Min,49.29,10743.58,41498.51
2023-09-11,Sen,46.33,10762.2,52756.19
2023-09-12,Sel,43.79,8660.67,54618.05
2023-09-13,Rab,49.18,4889.1,54719.99
2023-09-14,Kam,41.23,8932.13,52816.36
2023-09-15,Jum,54.66,10684.55,51420.14
2023-09-16,Sab,56.79,10246.52,43767.16
2023-09-17,Min,62.02,8967.14,41552.79
2023-09-18,Sen,70.18,4896.74,53678.92
2023-09-19,Sel,75.7,7578.72,52792.83
2023-09-20,Rab,71.83,9056.39,52792.81
2023-09-21,Kam,63.13,7531.43,54367.93
2023-09-22,Jum,55.59,4036.74,52135.57
2023-09-23,Sab,66.55,6592.96,43729.12
2023-09-24,Min,68.89,9121.21,40282.46
2023-09-25,Sen,59.07,9873.52,51895.79
2023-09-26,Sel,43.3,9473.42,52840.36
2023-09-27,Rab,49.13,8790.77,53226.04
2023-09-28,Kam,56.1,8516.24,53704.12
2023-09-29,Jum,63.57,5921.49,52842.1
2023-09-30,Sab,60.84,7316.74,44322.01
2023-10-01,Min,61.83,7719.17,40699.94
2023-10-02,Sen,52.46,8210.44,47205.22
2023-10-03,Sel,81.43,5081.53,44329.12
2023-10-04,Rab,71.73,6888.53,53493.05
2023-10-05,Kam,60.49,5117.02,54916.4
2023-10-06,Jum,71.33,6836.41,53804.19
2023-10-07,Sab,76.89,4372.73,45855.74
2023-10-08,Min,53.15,4812.32,42086.53
2023-10-09,Sen,46.04,2589.44,53875.39
2023-10-10,Sel,50.67,5998.39,54974.77
2023-10-11,Rab,74.78,6954.87,55444.02
2023-10-12,Kam,46.74,3082.14,56174.34
2023-10-13,Jum,72.85,5187.17,54500.54
2023-10-14,Sab,78.55,4541.22,46460.04
2023-10-15,Min,73.84,4989.13,45412.28
2023-10-16,Sen,42.78,6133.06,55623.79
2023-10-17,Sel,36.77,5111.19,56613.78
2023-10-18,Rab,60.49,5397.6,57641.26
2023-10-19,Kam,61.1,2166.33,58310.24
2023-10-20,Jum,70.36,1492.57,56992.08
2023-10-21,Sab,74.49,4642.43,46946.57
2023-10-22,Min,69.2,4989.9,45052.79
2023-10-23,Sen,41.14,4411.4,55893.27
2023-10-24,Sel,45.24,1213.19,57941.16
2023-10-25,Rab,49.02,3677.27,57346.5
2023-10-26,Kam,40.63,1854.31,58121.26
2023-10-27,Jum,46.42,1999.2,56398.71
2023-10-28,Sab,71.01,3055.49,47443.89
2023-10-29,Min,84.76,2701.21,46953.38
2023-10-30,Sen,58.67,3306.76,54501.24
2023-10-31,Sel,62.17,2060.04,54233.7
2023-11-01,Rab,74.9,3939.47,49852.24
2023-11-02,Kam,79.51,1520.04,57650.68
2023-11-03,Jum,73.98,2216.46,56486.92
2023-11-04,Sab,83.8,3778.21,49974.14
2023-11-05,Min,80.78,2108.05,46771.77
2023-11-06,Sen,76.41,3494.12,58599.5
2023-11-07,Sel,68.49,2802.57,59691.13
2023-11-08,Rab,70.5,3193.21,60458.1
2023-11-09,Kam,63.33,2110.91,60461.43
2023-11-10,Jum,57.73,2398.45,58705.11
2023-11-11,Sab,52.19,2286.79,49603.79
2023-11-12,Min,44.19,2468.77,47224.65
2023-11-13,Sen,60.05,1156.66,59034.36
2023-11-14,Sel,73.53,1305.35,60038.28
2023-11-15,Rab,57.79,2092.25,60117.33
2023-11-16,Kam,45.86,1762.91,60691.4
2023-11-17,Jum,37.45,1850.32,59507.47
2023-11-18,Sab,56.61,2068.19,50914.1
2023-11-19,Min,78.9,2101.67,48368.34
2023-11-20,Sen,51.34,1810.12,58067.64
2023-11-21,Sel,36.45,1220.56,60411.85
2023-11-22,Rab,44.37,2027.68,61160.21
2023-11-23,Kam,72.5,1604.29,61826.13
2023-11-24,Jum,71.67,1551.75,60969.2
2023-11-25,Sab,58.22,1269.72,52861.22
2023-11-26,Min,36.87,1483.6,49344.82
2023-11-27,Sen,43.14,874.36,61765.09
2023-11-28,Sel,41.18,576.69,64122.27
2023-11-29,Rab,41.84,763.45,64321.98
2023-11-30,Kam,21.91,565.49,63518.0
2023-12-01,Jum,23.21,230.32,62677.4
2023-12-02,Sab,24.04,316.96,54682.36
2023-12-03,Min,34.85,790.94,52232.95
2023-12-04,Sen,43.75,214.92,64506.23
2023-12-05,Sel,46.25,478.95,65181.19
2023-12-06,Rab,31.61,323.47,64301.4
2023-12-07,Kam,30.38,1394.83,62953.8
2023-12-08,Jum,42.23,412.35,62011.46
2023-12-09,Sab,64.71,1043.19,52615.39
2023-12-10,Min,75.98,1163.37,49600.51
2023-12-11,Sen,60.19,973.29,59545.84
2023-12-12,Sel,37.37,1039.18,60135.22
2023-12-13,Rab,46.06,1013.26,61214.26
2023-12-14,Kam,29.75,724.63,59734.18
2023-12-15,Jum,44.23,882.86,58770.32
2023-12-16,Sab,67.32,1736.8,52212.39
2023-12-17,Min,69.02,2459.26,49775.3
2023-12-18,Sen,66.76,2626.02,60426.8
2023-12-19,Sel,66.14,1722.79,60662.13
2023-12-20,Rab,74.54,1151.12,58981.15
2023-12-21,Kam,82.37,349.99,57767.7
2023-12-22,Jum,83.9,789.35,55678.45
2023-12-23,Sab,79.51,469.86,49799.58
2023-12-24,Min,84.29,471.93,45616.94
2023-12-25,Sen,82.77,1247.24,44065.95
2023-12-26,Sel,81.89,1268.79,44948.52
2023-12-27,Rab,69.89,2228.71,48300.34
2023-12-28,Kam,83.52,1393.06,50188.78
2023-12-29,Jum,84.35,1318.39,49397.54
2023-12-30,Sab,79.44,2029.03,45884.45
2023-12-31,Min,81.36,1147.01,43904.09
2024-01-01,Sen,81.43,1533.84,42470.79
2024-01-02,Sel,78.22,431.11,53286.46
2024-01-03,Rab,80.98,1301.59,56428.3
2024-01-04,Kam,61.23,1063.13,57600.81
2024-01-05,Jum,59.27,1033.37,56976.38
2024-01-06,Sab,52.15,533.7,51920.74
2024-01-07,Min,54.42,658.51,51409.58
2024-01-08,Sen,52.22,1659.43,62728.04
2024-01-09,Sel,39.65,3050.5,63999.55
2024-01-10,Rab,30.7,2849.54,64097.25
2024-01-11,Kam,29.08,2631.15,64657.38
2024-01-12,Jum,33.05,847.34,64021.42
2024-01-13,Sab,56.73,535.94,57632.78
2024-01-14,Min,61.57,1393.24,54423.35
2024-01-15,Sen,55.59,913.43,65534.16
2024-01-16,Sel,42.93,1361.6,64958.11
2024-01-17,Rab,37.94,583.33,66289.24
2024-01-18,Kam,36.66,947.09,65326.08
2024-01-19,Jum,57.95,1308.74,66170.97
2024-01-20,Sab,64.5,2471.56,57761.71
2024-01-21,Min,75.74,1741.77,54956.34
2024-01-22,Sen,76.99,924.1,64171.16
2024-01-23,Sel,75.01,2190.67,64144.98
2024-01-24,Rab,78.19,1629.04,62625.87
2024-01-25,Kam,61.37,2643.11,61129.02
2024-01-26,Jum,69.81,997.7,60691.99
2024-01-27,Sab,67.07,4985.41,53043.45
2024-01-28,Min,68.76,5739.98,47546.41
2024-01-29,Sen,55.99,5007.76,58248.27
2024-01-30,Sel,59.31,3083.8,60439.43
2024-01-31,Rab,60.96,1800.58,63168.26
2024-02-01,Kam,67.47,2705.41,62767.2
2024-02-02,Jum,73.42,1969.62,61768.75
2024-02-03,Sab,79.68,2088.73,53773.83
2024-02-04,Min,82.03,1440.86,51173.59
2024-02-05,Sen,79.97,3336.57,60406.23
2024-02-06,Sel,80.49,1804.64,62293.86
2024-02-07,Rab,57.08,1836.0,62247.09
2024-02-08,Kam,41.41,1591.34,61012.61
2024-02-09,Jum,63.18,1500.37,60422.86
2024-02-10,Sab,54.57,2846.21,50714.58
2024-02-11,Min,60.61,1217.91,48486.5
2024-02-12,Sen,50.13,2172.91,57474.92
2024-02-13,Sel,59.04,4853.6,59872.59
2024-02-14,Rab,56.94,2134.35,59358.45
2024-02-15,Kam,53.92,3476.28,58319.39
2024-02-16,Jum,64.36,3431.72,58407.19
2024-02-17,Sab,52.96,3226.8,50063.1
2024-02-18,Min,70.19,3636.51,47905.59
2024-02-19,Sen,67.29,2238.86,59109.17
2024-02-20,Sel,64.01,3563.33,60088.44
2024-02-21,Rab,69.91,4279.71,60776.38
2024-02-22,Kam,72.57,1757.59,60765.33
2024-02-23,Jum,70.94,3400.21,60052.08
2024-02-24,Sab,65.18,5689.93,50704.82
2024-02-25,Min,60.28,6226.38,48282.19
2024-02-26,Sen,53.45,4064.72,58468.13
2024-02-27,Sel,37.69,3208.98,59582.38
2024-02-28,Rab,39.15,4061.49,59883.06
2024-02-29,Kam,62.99,6295.61,60538.56
2024-03-01,Jum,56.57,3639.71,58152.28
2024-03-02,Sab,64.16,6479.88,49218.39
2024-03-03,Min,62.21,7291.32,46422.03
2024-03-04,Sen,39.88,3665.24,59051.91
2024-03-05,Sel,42.0,2643.89,61056.28
2024-03-06,Rab,36.13,4494.7,59614.27
2024-03-07,Kam,49.32,5157.42,59327.74
2024-03-08,Jum,71.61,9729.0,57436.35
2024-03-09,Sab,77.35,8978.67,50661.79
2024-03-10,Min,76.9,5313.37,48899.65
2024-03-11,Sen,57.71,5916.61,58670.88
2024-03-12,Sel,36.91,3332.28,58852.89
2024-03-13,Rab,47.67,4387.48,59344.36
2024-03-14,Kam,60.19,6784.32,58240.35
2024-03-15,Jum,73.22,6023.38,57506.13
2024-03-16,Sab,74.53,4722.11,50627.75
2024-03-17,Min,61.69,8008.05,45945.14
2024-03-18,Sen,49.1,5836.44,57242.09
2024-03-19,Sel,46.69,8207.94,57780.53
2024-03-20,Rab,39.06,8663.68,56470.35
2024-03-21,Kam,53.32,5497.03,57059.92
2024-03-22,Jum,65.32,5562.54,56972.53
2024-03-23,Sab,75.9,5699.58,49218.06
2024-03-24,Min,81.51,4819.85,47397.66
2024-03-25,Sen,55.89,8782.87,55226.54
2024-03-26,Sel,64.98,8895.77,57432.49
2024-03-27,Rab,59.18,7246.32,56925.81
2024-03-28,Kam,75.0,5963.97,56312.44
2024-03-29,Jum,74.81,5395.76,46460.35
2024-03-30,Sab,64.31,6528.37,44623.11
2024-03-31,Min,68.1,8132.89,37484.6
2024-04-01,Sen,73.91,3497.41,43796.34
2024-04-02,Sel,80.61,7034.37,55700.6
2024-04-03,Rab,62.01,4652.89,56283.77
2024-04-04,Kam,77.02,4992.26,56451.88
2024-04-05,Jum,77.67,7601.9,54873.44
2024-04-06,Sab,80.13,11385.38,46011.6
2024-04-07,Min,74.51,9213.95,43497.5
2024-04-08,Sen,57.61,9805.43,52920.1
2024-04-09,Sel,75.44,5786.16,56153.84
2024-04-10,Rab,67.04,8197.34,56078.01
2024-04-11,Kam,68.31,9503.26,56752.78
2024-04-12,Jum,72.31,9971.39,54768.41
2024-04-13,Sab,81.44,11433.55,45796.03
2024-04-14,Min,75.52,10781.28,44078.44
2024-04-15,Sen,72.06,7083.75,54286.99
2024-04-16,Sel,70.29,6668.27,56887.03
2024-04-17,Rab,47.13,7875.56,56146.01
2024-04-18,Kam,54.56,9003.82,56269.31
2024-04-19,Jum,78.44,4304.91,56998.24
2024-04-20,Sab,71.14,8116.2,47462.02
2024-04-21,Min,67.71,8112.64,45716.08
2024-04-22,Sen,49.01,9537.33,55660.9
2024-04-23,Sel,52.01,9643.53,56851.36
2024-04-24,Rab,54.3,7960.89,57206.71
2024-04-25,Kam,51.46,8460.29,56626.42
2024-04-26,Jum,53.16,9597.38,54599.69
2024-04-27,Sab,68.49,12893.58,45740.13
2024-04-28,Min,79.81,10139.49,44064.02
2024-04-29,Sen,64.81,12621.52,52269.08
2024-04-30,Sel,71.03,13642.04,52383.74
2024-05-01,Rab,82.37,13495.42,40756.43
2024-05-02,Kam,81.95,12013.03,52458.15
2024-05-03,Jum,69.77,6647.25,53399.63
2024-05-04,Sab,63.0,10254.68,44668.71
2024-05-05,Min,73.27,8780.28,43195.74
2024-05-06,Sen,55.0,8565.68,54098.8
2024-05-07,Sel,51.38,6833.18,54789.03
2024-05-08,Rab,50.59,9515.75,53071.87
2024-05-09,Kam,59.74,14049.82,42081.94
2024-05-10,Jum,61.03,14006.84,45819.44
2024-05-11,Sab,69.84,14096.87,42149.7
2024-05-12,Min,80.21,14510.13,40888.87
2024-05-13,Sen,78.03,14190.29,52844.86
2024-05-14,Sel,80.86,15126.75,53908.23
2024-05-15,Rab,76.16,12376.54,53652.97
2024-05-16,Kam,74.01,11191.95,54500.92
2024-05-17,Jum,73.48,8084.3,53113.98
2024-05-18,Sab,69.12,10088.53,44324.62
2024-05-19,Min,67.81,10318.43,39664.25
2024-05-20,Sen,70.4,13424.2,40517.2
2024-05-21,Sel,72.65,8868.3,53012.26
2024-05-22,Rab,65.52,7787.27,54345.41
2024-05-23,Kam,56.59,11861.01,51328.51
2024-05-24,Jum,52.81,9735.61,50285.69
2024-05-25,Sab,60.96,11416.62,41194.88
2024-05-26,Min,66.5,13127.61,40820.21
2024-05-27,Sen,56.5,10523.15,50465.68
2024-05-28,Sel,60.3,10330.39,50570.09
2024-05-29,Rab,67.04,8879.58,53217.8
2024-05-30,Kam,55.67,9144.64,45593.13
2024-05-31,Jum,60.24,7308.34,48672.86
2024-06-01,Sab,76.37,7713.94,44523.62
2024-06-02,Min,78.05,7525.67,43433.85
2024-06-03,Sen,53.46,7392.21,52804.41
2024-06-04,Sel,58.25,12002.66,52211.62
2024-06-05,Rab,68.4,10115.37,53778.94
2024-06-06,Kam,59.61,13895.49,52224.57
2024-06-07,Jum,60.87,13797.76,50850.64
2024-06-08,Sab,76.3,13495.95,43084.94
2024-06-09,Min,75.79,12716.28,41197.64
2024-06-10,Sen,68.78,11216.26,51925.02
2024-06-11,Sel,75.48,10299.66,53796.02
2024-06-12,Rab,66.88,12425.78,54011.98
2024-06-13,Kam,60.4,12827.03,52602.77
2024-06-14,Jum,71.42,7909.5,52304.99
2024-06-15,Sab,84.04,10252.27,43487.66
2024-06-16,Min,76.94,11862.12,41810.71
2024-06-17,Sen,57.66,11017.98,52324.58
2024-06-18,Sel,52.21,12240.61,53391.7
2024-06-19,Rab,56.38,9712.69,53905.66
2024-06-20,Kam,52.81,11479.43,53174.94
2024-06-21,Jum,54.42,7340.13,52442.74
2024-06-22,Sab,77.69,11766.87,44769.85
2024-06-23,Min,67.1,12147.3,41548.64
2024-06-24,Sen,59.38,15349.18,51152.15
2024-06-25,Sel,64.2,16544.56,52528.74
2024-06-26,Rab,59.86,14631.08,53400.01
2024-06-27,Kam,57.66,12458.15,54503.72
2024-06-28,Jum,70.94,13637.22,52671.33
2024-06-29,Sab,71.96,14634.96,44032.09
2024-06-30,Min,71.96,6606.96,43809.63
2024-07-01,Sen,61.68,8725.11,52561.54
2024-07-02,Sel,65.44,6659.62,54530.36
2024-07-03,Rab,62.22,7674.71,54168.38
2024-07-04,Kam,83.35,9600.5,54864.77
2024-07-05,Jum,79.92,11732.98,52177.59
2024-07-06,Sab,84.77,10812.08,45019.88
2024-07-07,Min,74.87,11818.44,40995.15
2024-07-08,Sen,60.29,14433.68,50853.8
2024-07-09,Sel,69.35,15601.16,53475.83
2024-07-10,Rab,59.71,9940.04,54924.44
2024-07-11,Kam,54.83,12178.74,53127.01
2024-07-12,Jum,66.6,8115.27,52356.25
2024-07-13,Sab,78.25,10222.95,44044.83
2024-07-14,Min,76.44,13051.49,41398.73
2024-07-15,Sen,68.44,15143.96,51019.28
2024-07-16,Sel,73.52,10677.23,52792.55
2024-07-17,Rab,68.57,10401.83,53187.64
2024-07-18,Kam,56.42,14539.72,52654.54
2024-07-19,Jum,58.62,14271.26,51052.57
2024-07-20,Sab,72.08,14230.83,44092.8
2024-07-21,Min,69.08,12009.43,42025.68
2024-07-22,Sen,65.76,10753.8,52330.1
2024-07-23,Sel,64.53,10356.5,52044.38
2024-07-24,Rab,63.92,11400.59,51671.66
2024-07-25,Kam,60.37,13905.84,50893.04
2024-07-26,Jum,59.36,8899.52,50864.8
2024-07-27,Sab,55.12,8570.24,43370.45
2024-07-28,Min,71.85,12190.59,40734.37
2024-07-29,Sen,63.06,15770.73,47623.23
2024-07-30,Sel,55.55,15315.97,49117.81
2024-07-31,Rab,52.18,12728.9,50882.09
2024-08-01,Kam,49.81,10372.07,53347.54
2024-08-02,Jum,48.76,9468.3,50717.87
2024-08-03,Sab,62.3,11802.19,43165.88
2024-08-04,Min,68.47,9443.57,41973.33
2024-08-05,Sen,54.91,12256.23,50643.05
2024-08-06,Sel,56.65,14906.51,51391.89
2024-08-07,Rab,54.77,10528.32,52712.04
2024-08-08,Kam,56.15,9989.03,51996.62
2024-08-09,Jum,77.86,9764.14,51998.6
2024-08-10,Sab,75.89,13124.62,43947.6
2024-08-11,Min,68.97,13811.88,41392.62
2024-08-12,Sen,63.97,14206.81,51940.77
2024-08-13,Sel,65.51,13318.52,54196.42
2024-08-14,Rab,53.83,11025.86,53890.29
2024-08-15,Kam,58.1,12034.97,51621.61
2024-08-16,Jum,56.01,11395.38,51077.97
2024-08-17,Sab,50.99,9480.37,43904.38
2024-08-18,Min,54.63,5614.72,41719.53
2024-08-19,Sen,53.23,9473.35,50268.27
2024-08-20,Sel,64.21,10322.93,52339.94
2024-08-21,Rab,77.69,10643.07,53049.28
2024-08-22,Kam,77.19,11907.5,51984.83
2024-08-23,Jum,80.0,11450.14,52695.03
2024-08-24,Sab,80.42,12870.88,45058.96
2024-08-25,Min,76.71,8606.55,41801.82
2024-08-26,Sen,59.91,10845.11,51430.76
2024-08-27,Sel,58.57,13202.24,52118.1
2024-08-28,Rab,63.16,13417.39,53985.78
2024-08-29,Kam,54.1,12600.2,54635.73
2024-08-30,Jum,51.37,9911.03,53084.3
2024-08-31,Sab,69.35,11886.87,43830.63
2024-09-01,Min,71.38,12596.79,42401.57
2024-09-02,Sen,55.79,10549.59,53564.81
2024-09-03,Sel,45.01,11037.63,55326.52
2024-09-04,Rab,47.42,8905.54,56454.96
2024-09-05,Kam,69.83,11352.75,55710.92
2024-09-06,Jum,64.81,9528.11,54480.03
2024-09-07,Sab,61.07,12241.45,45499.94
2024-09-08,Min,59.57,8397.58,43586.42
2024-09-09,Sen,56.57,5178.14,54276.32
2024-09-10,Sel,75.61,7004.6,55524.72
2024-09-11,Rab,64.46,5356.58,55003.52
2024-09-12,Kam,48.85,7933.71,53341.8
2024-09-13,Jum,66.14,5940.29,53106.94
2024-09-14,Sab,74.13,7116.8,45206.46
2024-09-15,Min,66.07,8827.36,42725.38
2024-09-16,Sen,54.53,3410.97,54122.27
2024-09-17,Sel,61.06,7400.96,54260.03
2024-09-18,Rab,63.72,9995.52,53058.46
2024-09-19,Kam,67.66,9955.04,53154.34
2024-09-20,Jum,72.48,11494.19,50131.59
2024-09-21,Sab,66.14,11685.56,42542.21
2024-09-22,Min,53.63,10173.21,39518.88
2024-09-23,Sen,43.1,7371.07,50591.98
2024-09-24,Sel,59.44,5554.31,52771.76
2024-09-25,Rab,67.07,5616.01,53740.8
2024-09-26,Kam,77.27,2588.5,55395.66
2024-09-27,Jum,86.05,6122.13,55645.72
2024-09-28,Sab,79.36,6980.56,47380.08
2024-09-29,Min,70.99,9134.89,43321.22
2024-09-30,Sen,75.45,6081.16,55732.74
2024-10-01,Sel,65.61,4228.08,55712.64
2024-10-02,Rab,56.0,3794.95,54770.45
2024-10-03,Kam,61.21,3961.96,45394.57
2024-10-04,Jum,48.15,4668.69,48225.31
2024-10-05,Sab,48.71,5519.61,44260.19
2024-10-06,Min,67.46,6661.28,42629.88
2024-10-07,Sen,58.19,5042.61,53860.46
2024-10-08,Sel,58.47,4232.78,54595.47
2024-10-09,Rab,67.17,5446.07,54670.94
2024-10-10,Kam,72.54,3376.67,56347.93
2024-10-11,Jum,60.59,6296.88,54584.36
2024-10-12,Sab,76.04,6255.86,46964.02
2024-10-13,Min,81.57,4821.85,45312.43
2024-10-14,Sen,45.22,3866.58,54757.26
2024-10-15,Sel,53.99,5604.07,54890.97
2024-10-16,Rab,75.03,6627.54,56510.36
2024-10-17,Kam,61.04,6003.07,55742.36
2024-10-18,Jum,43.3,4513.89,53330.68
2024-10-19,Sab,58.34,3566.06,46692.27
2024-10-20,Min,75.27,4495.91,44129.43
2024-10-21,Sen,56.5,4277.47,54307.29
2024-10-22,Sel,54.6,4034.68,55756.31
2024-10-23,Rab,41.75,4884.82,55176.42
2024-10-24,Kam,49.34,4396.85,55107.41
2024-10-25,Jum,42.92,5501.26,53069.41
2024-10-26,Sab,47.49,5006.29,45080.74
2024-10-27,Min,54.72,3354.28,44191.18
2024-10-28,Sen,53.23,3534.23,54297.92
2024-10-29,Sel,38.92,3421.68,54635.95
2024-10-30,Rab,36.94,2521.04,55923.63
2024-10-31,Kam,50.47,1818.92,52830.94
2024-11-01,Jum,64.35,2653.78,50779.82
2024-11-02,Sab,42.44,2989.87,47475.38
2024-11-03,Min,47.2,5432.63,46956.69
2024-11-04,Sen,34.41,3600.59,55850.91
2024-11-05,Sel,31.78,3144.98,57760.47
2024-11-06,Rab,21.53,1524.72,58967.42
2024-11-07,Kam,23.39,937.51,59208.82
2024-11-08,Jum,37.17,919.87,58587.69
2024-11-09,Sab,31.13,2036.64,49853.02
2024-11-10,Min,28.8,1391.44,47610.44
2024-11-11,Sen,37.72,1160.28,59849.22
2024-11-12,Sel,29.22,1282.62,59982.68
2024-11-13,Rab,30.6,901.25,61590.72
2024-11-14,Kam,42.58,1317.98,61661.59
2024-11-15,Jum,39.25,1465.08,59827.93
2024-11-16,Sab,60.78,2034.38,54163.95
2024-11-17,Min,72.32,1728.07,51744.6
2024-11-18,Sen,60.24,2226.55,62955.79
2024-11-19,Sel,51.14,932.62,62220.59
2024-11-20,Rab,55.26,2025.66,62564.17
2024-11-21,Kam,49.99,1832.06,63817.81
2024-11-22,Jum,60.93,1608.09,62845.34
2024-11-23,Sab,71.58,2363.33,55352.83
2024-11-24,Min,82.46,2214.33,51512.15
2024-11-25,Sen,70.66,2614.88,60977.89
2024-11-26,Sel,54.15,2370.46,62218.79
2024-11-27,Rab,57.78,2555.38,61945.26
2024-11-28,Kam,61.86,1437.61,62552.22
2024-11-29,Jum,39.23,2595.76,59456.86
2024-11-30,Sab,55.71,4554.25,53858.75
2024-12-01,Min,54.69,3202.73,51809.74
2024-12-02,Sen,53.65,1256.87,62175.13
2024-12-03,Sel,44.28,1584.22,62264.83
2024-12-04,Rab,33.22,1551.49,63020.13
2024-12-05,Kam,58.36,2586.65,64331.68
2024-12-06,Jum,65.17,1092.05,61736.05
2024-12-07,Sab,67.85,801.96,53744.61
2024-12-08,Min,57.44,1436.5,51407.94
2024-12-09,Sen,62.72,526.48,64418.29
2024-12-10,Sel,43.53,553.84,63119.48
2024-12-11,Rab,23.61,555.88,62380.19
2024-12-12,Kam,22.15,660.87,60884.76
2024-12-13,Jum,31.27,1138.66,60540.18
2024-12-14,Sab,55.89,860.38,55141.61
2024-12-15,Min,75.3,1035.26,52475.81
2024-12-16,Sen,73.58,1083.66,60151.4
2024-12-17,Sel,57.85,1164.49,59746.75
2024-12-18,Rab,76.94,1406.5,58439.04
2024-12-19,Kam,79.02,847.96,57628.39
2024-12-20,Jum,74.25,1709.28,57545.78
2024-12-21,Sab,83.32,1295.78,52796.48
2024-12-22,Min,80.0,923.62,49513.69
2024-12-23,Sen,72.72,1351.79,53056.86
2024-12-24,Sel,50.44,1449.55,47080.56
2024-12-25,Rab,46.35,2101.2,45279.6
2024-12-26,Kam,35.67,2241.64,44694.75
2024-12-27,Jum,28.57,2626.42,48243.08
2024-12-28,Sab,29.84,2621.24,47955.76
2024-12-29,Min,48.92,1703.72,49198.17
2024-12-30,Sen,57.44,982.81,53288.54
2024-12-31,Sel,63.42,2105.91,50274.46
2025-01-01,Rab,81.7,2247.9,49035.46
2025-01-02,Kam,60.73,1166.21,54563.81
2025-01-03,Jum,63.76,1201.04,57057.78
2025-01-04,Sab,43.66,1089.07,52540.29
2025-01-05,Min,64.46,358.63,51027.75
2025-01-06,Sen,81.72,1595.12,56225.43
2025-01-07,Sel,74.68,1865.1,61803.14
2025-01-08,Rab,56.34,1297.45,64062.22
2025-01-09,Kam,47.31,1190.46,62548.94
2025-01-10,Jum,55.94,1595.76,63887.19
2025-01-11,Sab,56.57,2053.87,55887.4
2025-01-12,Min,43.49,2573.37,52825.79
2025-01-13,Sen,41.37,3313.36,64655.01
2025-01-14,Sel,51.34,2731.54,67302.88
2025-01-15,Rab,29.61,902.14,63465.1
2025-01-16,Kam,35.32,1807.74,64496.06
2025-01-17,Jum,31.42,1345.91,64241.22
2025-01-18,Sab,30.52,2803.83,55035.55
2025-01-19,Min,36.73,4252.52,52248.14
2025-01-20,Sen,31.18,3023.09,63443.54
2025-01-21,Sel,32.43,2861.19,63788.53
2025-01-22,Rab,40.74,2598.3,62839.67
2025-01-23,Kam,60.88,1326.48,63645.31
2025-01-24,Jum,72.2,2474.82,61866.42
2025-01-25,Sab,61.56,2136.64,53529.27
2025-01-26,Min,58.17,2138.88,49898.69
2025-01-27,Sen,74.83,1820.49,62030.99
2025-01-28,Sel,61.7,1764.85,61768.67
2025-01-29,Rab,65.75,2620.25,62234.99
2025-01-30,Kam,47.69,2757.54,61867.12
2025-01-31,Jum,45.74,3525.62,60734.21
2025-02-01,Sab,35.92,4978.63,52273.67
2025-02-02,Min,33.36,5072.05,50769.78
2025-02-03,Sen,31.64,4370.86,61751.64
2025-02-04,Sel,42.13,3802.47,64095.6
2025-02-05,Rab,40.11,2854.97,64747.21
2025-02-06,Kam,34.32,1628.14,63019.85
2025-02-07,Jum,61.48,2916.7,63686.45
2025-02-08,Sab,57.17,6191.85,54749.19
2025-02-09,Min,47.89,4904.37,51987.26
2025-02-10,Sen,55.93,3415.62,64388.65
2025-02-11,Sel,54.3,2846.99,65827.92
2025-02-12,Rab,43.47,2499.11,64924.61
2025-02-13,Kam,33.07,1140.38,65323.09
2025-02-14,Jum,25.97,1109.24,63315.27
2025-02-15,Sab,27.48,2416.68,54393.36
2025-02-16,Min,42.23,3900.73,52417.06
2025-02-17,Sen,34.54,7474.36,62428.01
2025-02-18,Sel,44.84,8485.67,63629.9
2025-02-19,Rab,58.94,8513.4,63886.96
2025-02-20,Kam,56.11,5257.06,64252.8
2025-02-21,Jum,62.01,6396.86,59723.61
2025-02-22,Sab,68.78,5666.71,52542.12
2025-02-23,Min,60.5,5519.66,47629.1
2025-02-24,Sen,67.32,4660.71,60184.69
2025-02-25,Sel,37.07,4518.64,58500.33
2025-02-26,Rab,35.52,2642.73,59839.5
2025-02-27,Kam,38.69,4456.74,59886.33
2025-02-28,Jum,33.32,3492.84,59192.19
2025-03-01,Sab,37.49,4462.09,51750.37
2025-03-02,Min,53.57,9195.79,49375.77
2025-03-03,Sen,53.88,10668.88,58714.73
2025-03-04,Sel,54.48,10280.31,60330.43
2025-03-05,Rab,62.7,10847.88,60313.2
2025-03-06,Kam,57.25,11053.27,58087.03
2025-03-07,Jum,47.61,10894.55,55298.42
2025-03-08,Sab,56.99,10870.75,47631.67
2025-03-09,Min,57.19,10785.82,45916.76
2025-03-10,Sen,41.18,7704.81,56154.79
2025-03-11,Sel,37.16,6148.32,57971.63
2025-03-12,Rab,31.75,3575.59,59136.16
2025-03-13,Kam,34.38,4493.19,59679.87
2025-03-14,Jum,37.65,4627.55,58946.75
2025-03-15,Sab,56.11,6237.37,49926.47
2025-03-16,Min,58.42,9144.57,48218.48
2025-03-17,Sen,57.48,10554.9,58499.05
2025-03-18,Sel,52.84,13365.75,58428.78
2025-03-19,Rab,45.86,13147.3,57106.37
2025-03-20,Kam,44.23,12298.33,56078.65
2025-03-21,Jum,65.69,11634.06,56145.15
2025-03-22,Sab,79.88,10248.05,49239.93
2025-03-23,Min,63.35,7225.64,46897.49
2025-03-24,Sen,33.96,7001.86,55092.39
2025-03-25,Sel,47.92,7772.63,57902.18
2025-03-26,Rab,43.4,4357.02,58304.94
2025-03-27,Kam,48.62,9941.87,56700.76
2025-03-28,Jum,53.92,13106.73,54331.92
2025-03-29,Sab,60.24,7839.54,46825.63
2025-03-30,Min,81.2,6067.48,46802.32
2025-03-31,Sen,55.42,6118.29,56151.08
2025-04-01,Sel,59.58,10713.83,55884.91
2025-04-02,Rab,72.13,12811.56,54888.97
2025-04-03,Kam,62.06,14639.57,54020.59
2025-04-04,Jum,55.9,14716.47,52622.54
2025-04-05,Sab,77.41,12947.04,45711.62
2025-04-06,Min,71.49,14092.02,44156.19
2025-04-07,Sen,53.62,14126.01,54104.81
2025-04-08,Sel,46.71,13825.08,54167.61
2025-04-09,Rab,56.16,11539.69,55462.99
2025-04-10,Kam,59.91,11646.74,56159.61
2025-04-11,Jum,65.31,12778.12,54469.58
2025-04-12,Sab,67.72,14552.94,44846.46
2025-04-13,Min,71.88,7993.39,44892.66
2025-04-14,Sen,55.38,12046.2,53114.07
2025-04-15,Sel,65.83,10333.09,55537.14
2025-04-16,Rab,57.36,10778.47,54436.6
2025-04-17,Kam,58.41,6466.91,55000.84
2025-04-18,Jum,52.3,3598.49,44708.04
2025-04-19,Sab,60.71,10869.11,43071.57
2025-04-20,Min,63.47,12510.34,39508.11
2025-04-21,Sen,54.37,9512.92,41095.24
2025-04-22,Sel,46.09,10104.15,51628.95
2025-04-23,Rab,49.97,10713.73,53604.7
2025-04-24,Kam,53.78,6545.72,55427.66
2025-04-25,Jum,53.57,8028.88,53810.77
2025-04-26,Sab,74.56,13807.22,44449.2
2025-04-27,Min,71.14,15175.99,41735.12
2025-04-28,Sen,55.22,16374.12,51675.3
2025-04-29,Sel,57.46,15956.11,52483.38
2025-04-30,Rab,55.71,16014.05,51113.39
2025-05-01,Kam,66.11,15742.82,40800.7
2025-05-02,Jum,73.69,14165.06,46760.98
2025-05-03,Sab,76.76,9717.93,43557.18
2025-05-04,Min,77.77,8518.66,43087.91
2025-05-05,Sen,68.55,10353.69,52766.41
2025-05-06,Sel,68.03,13776.49,53078.71
2025-05-07,Rab,61.75,12982.71,53219.49
2025-05-08,Kam,60.33,12329.35,52645.98
2025-05-09,Jum,62.47,16561.98,51412.76
2025-05-10,Sab,69.77,15946.19,43178.44
2025-05-11,Min,79.08,16217.34,40326.9
2025-05-12,Sen,75.93,17450.42,50889.61
2025-05-13,Sel,64.1,17476.8,52110.17
2025-05-14,Rab,70.13,16459.16,52555.63
2025-05-15,Kam,72.62,14622.59,52674.68
2025-05-16,Jum,70.87,13560.12,51843.51
2025-05-17,Sab,73.85,11872.89,44470.71
2025-05-18,Min,69.76,11786.85,42317.79
2025-05-19,Sen,57.66,14050.27,50925.2
2025-05-20,Sel,60.7,15483.53,52779.64
2025-05-21,Rab,71.69,12982.53,54104.25
2025-05-22,Kam,73.79,10425.96,54404.36
2025-05-23,Jum,73.86,13232.17,52466.06
2025-05-24,Sab,82.36,13275.6,44320.04
2025-05-25,Min,81.92,6524.0,43807.27
2025-05-26,Sen,74.52,12984.03,51960.69
2025-05-27,Sel,77.92,10076.47,53126.69
2025-05-28,Rab,75.52,7432.77,53234.13
2025-05-29,Kam,78.29,11848.24,42715.75
2025-05-30,Jum,78.18,14322.26,46919.72
2025-05-31,Sab,68.24,14899.24,42220.84
2025-06-01,Min,78.38,11225.2,41617.54
2025-06-02,Sen,63.75,10760.94,52693.37
2025-06-03,Sel,70.78,14485.1,52787.72
2025-06-04,Rab,72.29,9932.41,54376.61
2025-06-05,Kam,75.76,10042.62,53084.67
2025-06-06,Jum,84.01,10969.42,52818.39
2025-06-07,Sab,77.72,8924.74,43321.03
2025-06-08,Min,87.31,9597.23,40377.07
2025-06-09,Sen,79.47,14308.58,40691.7
2025-06-10,Sel,82.8,10566.92,51219.22
2025-06-11,Rab,73.65,16387.94,51848.77
2025-06-12,Kam,78.46,18105.17,51417.48
2025-06-13,Jum,81.76,18223.75,51099.29
2025-06-14,Sab,79.88,16659.95,44734.06
2025-06-15,Min,73.79,10756.53,42359.84
2025-06-16,Sen,67.15,13274.22,52660.44
2025-06-17,Sel,60.49,17365.33,52275.21
2025-06-18,Rab,62.65,16731.09,52264.15
2025-06-19,Kam,74.56,16768.33,46289.82
2025-06-20,Jum,67.19,18964.45,46885.08
2025-06-21,Sab,67.21,17561.58,42497.75
2025-06-22,Min,80.09,16026.76,41455.23
2025-06-23,Sen,82.58,11960.54,54211.32
2025-06-24,Sel,81.47,13359.42,53855.26
2025-06-25,Rab,66.74,15361.99,53922.18
2025-06-26,Kam,69.99,11741.82,54678.46
2025-06-27,Jum,70.98,9632.46,53875.8
2025-06-28,Sab,81.16,14957.54,45357.14
2025-06-29,Min,76.66,15649.33,43455.57
2025-06-30,Sen,61.87,18011.39,52537.15
2025-07-01,Sel,58.48,16753.38,54598.29
2025-07-02,Rab,64.18,15838.93,55734.19
2025-07-03,Kam,65.35,12345.91,55534.41
2025-07-04,Jum,61.4,15797.14,52430.34
2025-07-05,Sab,76.89,13798.42,44935.81
2025-07-06,Min,68.26,9381.62,42991.71
2025-07-07,Sen,61.09,9366.39,53276.27
2025-07-08,Sel,67.44,10499.77,52949.78
2025-07-09,Rab,60.42,10743.67,52305.57
2025-07-10,Kam,56.42,13734.46,51705.94
2025-07-11,Jum,63.01,12407.69,51968.44
2025-07-12,Sab,68.77,9564.03,44591.33
2025-07-13,Min,60.64,12266.43,41667.46
2025-07-14,Sen,52.32,10883.6,51229.29
2025-07-15,Sel,58.99,10482.03,51290.62
2025-07-16,Rab,57.43,9962.32,52341.71
2025-07-17,Kam,58.78,9890.72,51805.67
2025-07-18,Jum,46.89,12726.44,49440.3
2025-07-19,Sab,66.46,15266.15,42948.97
2025-07-20,Min,67.67,13360.38,41336.01
2025-07-21,Sen,52.92,6280.55,52064.16
2025-07-22,Sel,69.19,9883.89,52072.82
2025-07-23,Rab,69.11,11054.62,52233.91
2025-07-24,Kam,46.91,9278.32,51823.18
2025-07-25,Jum,52.43,9849.97,50657.1
2025-07-26,Sab,52.96,9420.74,43111.23
2025-07-27,Min,63.94,9357.54,40547.56
2025-07-28,Sen,71.61,8956.31,50836.96
2025-07-29,Sel,74.48,11473.58,51925.72
2025-07-30,Rab,74.47,9604.95,51379.77
2025-07-31,Kam,71.79,8762.7,51172.78
2025-08-01,Jum,67.46,10354.33,49226.51
2025-08-02,Sab,76.21,9921.05,42304.17
2025-08-03,Min,82.86,8395.56,40527.23
2025-08-04,Sen,82.01,9430.81,49746.79
2025-08-05,Sel,85.89,9840.42,51155.13
2025-08-06,Rab,76.51,14033.19,50344.63
2025-08-07,Kam,69.23,14985.84,49611.44
2025-08-08,Jum,65.54,13690.77,48927.88
2025-08-09,Sab,70.56,14408.12,41910.48
2025-08-10,Min,74.16,14954.96,39744.84
2025-08-11,Sen,61.54,16635.04,47877.56
2025-08-12,Sel,61.99,14731.59,49885.76
2025-08-13,Rab,59.87,15081.99,51509.07
2025-08-14,Kam,54.68,14229.41,52513.36
2025-08-15,Jum,66.65,14190.0,50500.74
2025-08-16,Sab,76.83,10481.15,44387.3
2025-08-17,Min,66.39,12441.3,40178.16
2025-08-18,Sen,54.98,16174.06,48496.07
2025-08-19,Sel,58.14,15853.14,50225.18
2025-08-20,Rab,59.61,12006.3,50980.93
2025-08-21,Kam,64.98,11175.08,51417.91
2025-08-22,Jum,73.41,9921.26,50688.82
2025-08-23,Sab,75.53,9600.22,43544.86
2025-08-24,Min,70.31,11599.02,40399.21
2025-08-25,Sen,59.17,13285.1,49326.2
2025-08-26,Sel,57.14,14204.73,50127.66
2025-08-27,Rab,57.76,11124.15,51958.56
2025-08-28,Kam,46.17,5585.38,52741.06
2025-08-29,Jum,61.44,10356.5,50212.31
2025-08-30,Sab,69.75,10702.05,42506.42
2025-08-31,Min,73.74,12103.27,40714.34
2025-09-01,Sen,57.02,8166.41,51529.23
2025-09-02,Sel,55.93,8963.34,52054.54
2025-09-03,Rab,76.79,10872.58,53512.74
2025-09-04,Kam,66.03,10860.31,53009.46
2025-09-05,Jum,53.7,8169.76,51200.97
2025-09-06,Sab,61.01,13929.85,41997.59
2025-09-07,Min,78.84,12877.41,40193.52
2025-09-08,Sen,53.35,9567.35,51917.18
2025-09-09,Sel,42.15,6495.87,53520.51
2025-09-10,Rab,44.32,6449.25,53334.82
2025-09-11,Kam,75.15,8643.27,52915.4
2025-09-12,Jum,78.27,9376.01,51799.94
2025-09-13,Sab,79.19,9753.31,44044.61
2025-09-14,Min,74.43,9440.04,41227.62
2025-09-15,Sen,88.56,8970.91,53335.21
2025-09-16,Sel,87.04,7662.06,54247.01
2025-09-17,Rab,77.71,7990.51,54264.89
2025-09-18,Kam,78.77,9797.54,54333.57
2025-09-19,Jum,69.26,12396.96,52315.46
2025-09-20,Sab,80.15,11542.38,43867.93
2025-09-21,Min,78.0,6751.97,43563.21
2025-09-22,Sen,62.24,4876.53,53498.0
2025-09-23,Sel,56.71,7759.43,53205.49
2025-09-24,Rab,74.06,6399.36,54870.95
2025-09-25,Kam,73.62,4513.3,57028.34
2025-09-26,Jum,65.38,4969.59,56006.25
2025-09-27,Sab,58.29,5910.32,46241.66
2025-09-28,Min,53.31,8635.54,43157.91
2025-09-29,Sen,44.14,8381.85,53499.46
2025-09-30,Sel,44.17,6819.49,54258.33
2025-10-01,Rab,47.19,9181.1,53710.8
2025-10-02,Kam,55.67,10887.02,53113.71
2025-10-03,Jum,78.87,9345.15,45645.34
2025-10-04,Sab,89.27,3454.62,48708.84
2025-10-05,Min,88.03,4746.27,47236.9
2025-10-06,Sen,63.52,2821.75,57039.93
2025-10-07,Sel,38.89,3107.33,55914.01
2025-10-08,Rab,37.88,4650.39,55504.26
2025-10-09,Kam,46.64,4324.88,57144.73
2025-10-10,Jum,58.45,3428.71,57533.41
2025-10-11,Sab,57.38,4066.62,48791.37
2025-10-12,Min,51.42,3684.36,45167.77
2025-10-13,Sen,33.12,4950.83,55113.75
2025-10-14,Sel,36.7,5260.75,55661.22
2025-10-15,Rab,35.49,4203.26,56749.11
2025-10-16,Kam,46.34,4014.58,57635.27
2025-10-17,Jum,46.45,3784.72,56772.22
2025-10-18,Sab,52.35,8347.13,47713.57
2025-10-19,Min,74.5,6643.14,46420.76
2025-10-20,Sen,73.06,3998.08,58401.9
2025-10-21,Sel,73.84,4768.04,58630.24
2025-10-22,Rab,46.17,3286.3,57115.2
2025-10-23,Kam,77.54,2497.57,58781.43
2025-10-24,Jum,86.32,4093.35,58455.82
2025-10-25,Sab,87.87,2928.2,51522.03
2025-10-26,Min,88.79,3621.06,49152.69
2025-10-27,Sen,82.84,2727.1,59797.31
2025-10-28,Sel,81.73,2570.83,60236.89
2025-10-29,Rab,71.3,5370.42,58948.13
2025-10-30,Kam,72.78,5543.82,58300.0
2025-10-31,Jum,63.72,5192.1,53805.93
2025-11-01,Sab,78.83,3315.69,47969.59
2025-11-02,Min,64.31,2096.59,46340.99
2025-11-03,Sen,69.39,4621.07,57891.56
2025-11-04,Sel,66.76,5637.11,58721.18
2025-11-05,Rab,60.17,6401.43,58551.64
2025-11-06,Kam,46.14,5535.9,58863.72
2025-11-07,Jum,32.88,3629.38,58671.13
2025-11-08,Sab,25.57,2249.99,50647.56
2025-11-09,Min,27.34,1306.38,47625.65
2025-11-10,Sen,37.35,2736.33,57750.91
2025-11-11,Sel,53.72,3271.7,59147.51
2025-11-12,Rab,65.88,4295.2,59858.09
2025-11-13,Kam,66.72,4247.46,60565.66
2025-11-14,Jum,47.34,2221.07,57934.54
2025-11-15,Sab,61.14,2036.16,51195.82
2025-11-16,Min,46.12,2308.88,48047.37
2025-11-17,Sen,53.37,1990.51,61544.77
2025-11-18,Sel,55.31,3238.91,63587.64
2025-11-19,Rab,48.54,2893.77,62830.15
2025-11-20,Kam,40.31,1881.98,63469.33
2025-11-21,Jum,33.25,3725.62,62231.76
2025-11-22,Sab,56.71,4632.54,56043.05
2025-11-23,Min,67.8,3951.08,54899.62
2025-11-24,Sen,43.93,1031.13,63527.05
2025-11-25,Sel,27.77,1290.86,62303.78
2025-11-26,Rab,30.77,1271.9,63254.35
2025-11-27,Kam,60.96,2076.04,65681.2
2025-11-28,Jum,60.89,1760.49,63487.58
2025-11-29,Sab,58.03,1582.48,53479.74
2025-11-30,Min,62.38,1666.32,52013.71
2025-12-01,Sen,63.44,3045.22,63513.16
2025-12-02,Sel,53.84,2337.0,65263.62
2025-12-03,Rab,27.57,1357.93,63970.45
2025-12-04,Kam,31.88,1344.78,64426.71
2025-12-05,Jum,29.07,1003.19,62569.77
2025-12-06,Sab,70.7,1227.47,54764.55
2025-12-07,Min,68.38,1171.71,49677.1
2025-12-08,Sen,71.87,1636.17,61874.53
2025-12-09,Sel,62.85,2332.95,61196.6
2025-12-10,Rab,65.39,1583.54,62833.21
2025-12-11,Kam,58.35,1995.86,63554.71
2025-12-12,Jum,36.16,1831.0,59701.42
2025-12-13,Sab,46.72,884.87,54215.24
2025-12-14,Min,62.21,1286.67,53157.94
2025-12-15,Sen,60.52,2579.93,61825.38
2025-12-16,Sel,44.32,2247.96,61369.1
2025-12-17,Rab,41.76,2086.91,60595.21
2025-12-18,Kam,73.82,2923.15,60378.03
2025-12-19,Jum,65.78,1236.34,58073.21
2025-12-20,Sab,39.3,1862.31,49756.29
2025-12-21,Min,60.69,2207.63,48045.65
2025-12-22,Sen,66.61,899.35,55463.92
2025-12-23,Sel,72.76,662.33,55769.16
2025-12-24,Rab,77.19,1377.38,50844.71
2025-12-25,Kam,65.8,3219.79,48112.07
2025-12-26,Jum,49.97,3093.09,48102.92
2025-12-27,Sab,57.92,2909.66,51711.09
2025-12-28,Min,52.87,3230.07,50025.7
2025-12-29,Sen,62.25,1935.75,54956.26
2025-12-30,Sel,62.94,2898.78,54664.16
2025-12-31,Rab,69.59,1790.98,52421.92
